-- phpMyAdmin SQL Dump
-- version 5.2.1
-- https://www.phpmyadmin.net/
--
-- Host: 127.0.0.1
-- Generation Time: Sep 24, 2025 at 10:23 PM
-- Server version: 10.4.32-MariaDB
-- PHP Version: 8.2.12

SET SQL_MODE = "NO_AUTO_VALUE_ON_ZERO";
START TRANSACTION;
SET time_zone = "+00:00";


/*!40101 SET @OLD_CHARACTER_SET_CLIENT=@@CHARACTER_SET_CLIENT */;
/*!40101 SET @OLD_CHARACTER_SET_RESULTS=@@CHARACTER_SET_RESULTS */;
/*!40101 SET @OLD_COLLATION_CONNECTION=@@COLLATION_CONNECTION */;
/*!40101 SET NAMES utf8mb4 */;

--
-- Database: `application`
--

-- --------------------------------------------------------

--
-- Table structure for table `caseequipments`
--

CREATE TABLE `caseequipments` (
  `case_id` int(11) NOT NULL COMMENT 'FK ไป Cases',
  `eqpt_id` int(11) NOT NULL COMMENT 'FK ไป Equipments'
) ENGINE=InnoDB DEFAULT CHARSET=utf8mb4 COLLATE=utf8mb4_general_ci COMMENT='เชื่อมเคสกับอุปกรณ์ที่ใช้';

--
-- Dumping data for table `caseequipments`
--

INSERT INTO `caseequipments` (`case_id`, `eqpt_id`) VALUES
(1, 1),
(1, 2),
(1, 3),
(1, 4),
(1, 5),
(1, 6),
(1, 7),
(1, 8),
(1, 9),
(1, 10),
(1, 11),
(1, 12),
(1, 13),
(1, 14),
(1, 15),
(1, 16),
(1, 17),
(1, 18),
(1, 19),
(1, 20),
(2, 1),
(2, 2),
(2, 3),
(2, 4),
(2, 5),
(2, 6),
(2, 7),
(2, 8),
(2, 9),
(2, 10),
(2, 11),
(2, 12),
(2, 13),
(2, 14),
(2, 15),
(2, 16),
(2, 17),
(2, 18),
(2, 19),
(2, 20),
(3, 1),
(3, 2),
(3, 3),
(3, 4),
(3, 5),
(3, 6),
(3, 7),
(3, 8),
(3, 9),
(3, 10),
(3, 11),
(3, 12),
(3, 13),
(3, 14),
(3, 15),
(3, 16),
(3, 17),
(3, 18),
(3, 19),
(3, 20),
(4, 1),
(4, 2),
(4, 3),
(4, 4),
(4, 5),
(4, 6),
(4, 7),
(4, 8),
(4, 9),
(4, 10),
(4, 11),
(4, 12),
(4, 13),
(4, 14),
(4, 15),
(4, 16),
(4, 17),
(4, 18),
(4, 19),
(4, 20),
(5, 1),
(5, 2),
(5, 3),
(5, 4),
(5, 5),
(5, 6),
(5, 7),
(5, 8),
(5, 9),
(5, 10),
(5, 11),
(5, 12),
(5, 13),
(5, 14),
(5, 15),
(5, 16),
(5, 17),
(5, 18),
(5, 19),
(5, 20),
(6, 1),
(6, 2),
(6, 3),
(6, 4),
(6, 5),
(6, 6),
(6, 7),
(6, 8),
(6, 9),
(6, 10),
(6, 11),
(6, 12),
(6, 13),
(6, 14),
(6, 15),
(6, 16),
(6, 17),
(6, 18),
(6, 19),
(6, 20),
(7, 1),
(7, 2),
(7, 3),
(7, 4),
(7, 5),
(7, 6),
(7, 7),
(7, 8),
(7, 9),
(7, 10),
(7, 11),
(7, 12),
(7, 13),
(7, 14),
(7, 15),
(7, 16),
(7, 17),
(7, 18),
(7, 19),
(7, 20),
(8, 1),
(8, 2),
(8, 3),
(8, 4),
(8, 5),
(8, 6),
(8, 7),
(8, 8),
(8, 9),
(8, 10),
(8, 11),
(8, 12),
(8, 13),
(8, 14),
(8, 15),
(8, 16),
(8, 17),
(8, 18),
(8, 19),
(8, 20),
(9, 1),
(9, 2),
(9, 3),
(9, 4),
(9, 5),
(9, 6),
(9, 7),
(9, 8),
(9, 9),
(9, 10),
(9, 11),
(9, 12),
(9, 13),
(9, 14),
(9, 15),
(9, 16),
(9, 17),
(9, 18),
(9, 19),
(9, 20),
(10, 1),
(10, 2),
(10, 3),
(10, 4),
(10, 5),
(10, 6),
(10, 7),
(10, 8),
(10, 9),
(10, 10),
(10, 11),
(10, 12),
(10, 13),
(10, 14),
(10, 15),
(10, 16),
(10, 17),
(10, 18),
(10, 19),
(10, 20),
(11, 1),
(11, 2),
(11, 3),
(11, 4),
(11, 5),
(11, 6),
(11, 7),
(11, 8),
(11, 9),
(11, 10),
(11, 11),
(11, 12),
(11, 13),
(11, 14),
(11, 15),
(11, 16),
(11, 17),
(11, 18),
(11, 19),
(11, 20),
(12, 1),
(12, 2),
(12, 3),
(12, 4),
(12, 5),
(12, 6),
(12, 7),
(12, 8),
(12, 9),
(12, 10),
(12, 11),
(12, 12),
(12, 13),
(12, 14),
(12, 15),
(12, 16),
(12, 17),
(12, 18),
(12, 19),
(12, 20),
(13, 1),
(13, 2),
(13, 3),
(13, 4),
(13, 5),
(13, 6),
(13, 7),
(13, 8),
(13, 9),
(13, 10),
(13, 11),
(13, 12),
(13, 13),
(13, 14),
(13, 15),
(13, 16),
(13, 17),
(13, 18),
(13, 19),
(13, 20),
(14, 1),
(14, 2),
(14, 3),
(14, 4),
(14, 5),
(14, 6),
(14, 7),
(14, 8),
(14, 9),
(14, 10),
(14, 11),
(14, 12),
(14, 13),
(14, 14),
(14, 15),
(14, 16),
(14, 17),
(14, 18),
(14, 19),
(14, 20),
(15, 1),
(15, 2),
(15, 3),
(15, 4),
(15, 5),
(15, 6),
(15, 7),
(15, 8),
(15, 9),
(15, 10),
(15, 11),
(15, 12),
(15, 13),
(15, 14),
(15, 15),
(15, 16),
(15, 17),
(15, 18),
(15, 19),
(15, 20),
(16, 1),
(16, 2),
(16, 3),
(16, 4),
(16, 5),
(16, 6),
(16, 7),
(16, 8),
(16, 9),
(16, 10),
(16, 11),
(16, 12),
(16, 13),
(16, 14),
(16, 15),
(16, 16),
(16, 17),
(16, 18),
(16, 19),
(16, 20),
(17, 1),
(17, 2),
(17, 3),
(17, 4),
(17, 5),
(17, 6),
(17, 7),
(17, 8),
(17, 9),
(17, 10),
(17, 11),
(17, 12),
(17, 13),
(17, 14),
(17, 15),
(17, 16),
(17, 17),
(17, 18),
(17, 19),
(17, 20),
(18, 1),
(18, 2),
(18, 3),
(18, 4),
(18, 5),
(18, 6),
(18, 7),
(18, 8),
(18, 9),
(18, 10),
(18, 11),
(18, 12),
(18, 13),
(18, 14),
(18, 15),
(18, 16),
(18, 17),
(18, 18),
(18, 19),
(18, 20),
(19, 1),
(19, 2),
(19, 3),
(19, 4),
(19, 5),
(19, 6),
(19, 7),
(19, 8),
(19, 9),
(19, 10),
(19, 11),
(19, 12),
(19, 13),
(19, 14),
(19, 15),
(19, 16),
(19, 17),
(19, 18),
(19, 19),
(19, 20),
(20, 1),
(20, 2),
(20, 3),
(20, 4),
(20, 5),
(20, 6),
(20, 7),
(20, 8),
(20, 9),
(20, 10),
(20, 11),
(20, 12),
(20, 13),
(20, 14),
(20, 15),
(20, 16),
(20, 17),
(20, 18),
(20, 19),
(20, 20),
(21, 1),
(21, 2),
(21, 3),
(21, 4),
(21, 5),
(21, 6),
(21, 7),
(21, 8),
(21, 9),
(21, 10),
(21, 11),
(21, 12),
(21, 13),
(21, 14),
(21, 15),
(21, 16),
(21, 17),
(21, 18),
(21, 19),
(21, 20),
(22, 1),
(22, 2),
(22, 3),
(22, 4),
(22, 5),
(22, 6),
(22, 7),
(22, 8),
(22, 9),
(22, 10),
(22, 11),
(22, 12),
(22, 13),
(22, 14),
(22, 15),
(22, 16),
(22, 17),
(22, 18),
(22, 19),
(22, 20),
(23, 1),
(23, 2),
(23, 3),
(23, 4),
(23, 5),
(23, 6),
(23, 7),
(23, 8),
(23, 9),
(23, 10),
(23, 11),
(23, 12),
(23, 13),
(23, 14),
(23, 15),
(23, 16),
(23, 17),
(23, 18),
(23, 19),
(23, 20),
(24, 1),
(24, 2),
(24, 3),
(24, 4),
(24, 5),
(24, 6),
(24, 7),
(24, 8),
(24, 9),
(24, 10),
(24, 11),
(24, 12),
(24, 13),
(24, 14),
(24, 15),
(24, 16),
(24, 17),
(24, 18),
(24, 19),
(24, 20),
(25, 1),
(25, 2),
(25, 3),
(25, 4),
(25, 5),
(25, 6),
(25, 7),
(25, 8),
(25, 9),
(25, 10),
(25, 11),
(25, 12),
(25, 13),
(25, 14),
(25, 15),
(25, 16),
(25, 17),
(25, 18),
(25, 19),
(25, 20),
(26, 1),
(26, 2),
(26, 3),
(26, 4),
(26, 5),
(26, 6),
(26, 7),
(26, 8),
(26, 9),
(26, 10),
(26, 11),
(26, 12),
(26, 13),
(26, 14),
(26, 15),
(26, 16),
(26, 17),
(26, 18),
(26, 19),
(26, 20),
(27, 1),
(27, 2),
(27, 3),
(27, 4),
(27, 5),
(27, 6),
(27, 7),
(27, 8),
(27, 9),
(27, 10),
(27, 11),
(27, 12),
(27, 13),
(27, 14),
(27, 15),
(27, 16),
(27, 17),
(27, 18),
(27, 19),
(27, 20),
(28, 1),
(28, 2),
(28, 3),
(28, 4),
(28, 5),
(28, 6),
(28, 7),
(28, 8),
(28, 9),
(28, 10),
(28, 11),
(28, 12),
(28, 13),
(28, 14),
(28, 15),
(28, 16),
(28, 17),
(28, 18),
(28, 19),
(28, 20),
(29, 1),
(29, 2),
(29, 3),
(29, 4),
(29, 5),
(29, 6),
(29, 7),
(29, 8),
(29, 9),
(29, 10),
(29, 11),
(29, 12),
(29, 13),
(29, 14),
(29, 15),
(29, 16),
(29, 17),
(29, 18),
(29, 19),
(29, 20),
(30, 1),
(30, 2),
(30, 3),
(30, 4),
(30, 5),
(30, 6),
(30, 7),
(30, 8),
(30, 9),
(30, 10),
(30, 11),
(30, 12),
(30, 13),
(30, 14),
(30, 15),
(30, 16),
(30, 17),
(30, 18),
(30, 19),
(30, 20),
(31, 1),
(31, 2),
(31, 3),
(31, 4),
(31, 5),
(31, 6),
(31, 7),
(31, 8),
(31, 9),
(31, 10),
(31, 11),
(31, 12),
(31, 13),
(31, 14),
(31, 15),
(31, 16),
(31, 17),
(31, 18),
(31, 19),
(31, 20),
(32, 1),
(32, 2),
(32, 3),
(32, 4),
(32, 5),
(32, 6),
(32, 7),
(32, 8),
(32, 9),
(32, 10),
(32, 11),
(32, 12),
(32, 13),
(32, 14),
(32, 15),
(32, 16),
(32, 17),
(32, 18),
(32, 19),
(32, 20),
(33, 1),
(33, 2),
(33, 3),
(33, 4),
(33, 5),
(33, 6),
(33, 7),
(33, 8),
(33, 9),
(33, 10),
(33, 11),
(33, 12),
(33, 13),
(33, 14),
(33, 15),
(33, 16),
(33, 17),
(33, 18),
(33, 19),
(33, 20),
(34, 1),
(34, 2),
(34, 3),
(34, 4),
(34, 5),
(34, 6),
(34, 7),
(34, 8),
(34, 9),
(34, 10),
(34, 11),
(34, 12),
(34, 13),
(34, 14),
(34, 15),
(34, 16),
(34, 17),
(34, 18),
(34, 19),
(34, 20),
(35, 1),
(35, 2),
(35, 3),
(35, 4),
(35, 5),
(35, 6),
(35, 7),
(35, 8),
(35, 9),
(35, 10),
(35, 11),
(35, 12),
(35, 13),
(35, 14),
(35, 15),
(35, 16),
(35, 17),
(35, 18),
(35, 19),
(35, 20),
(36, 1),
(36, 2),
(36, 3),
(36, 4),
(36, 5),
(36, 6),
(36, 7),
(36, 8),
(36, 9),
(36, 10),
(36, 11),
(36, 12),
(36, 13),
(36, 14),
(36, 15),
(36, 16),
(36, 17),
(36, 18),
(36, 19),
(36, 20),
(37, 1),
(37, 2),
(37, 3),
(37, 4),
(37, 5),
(37, 6),
(37, 7),
(37, 8),
(37, 9),
(37, 10),
(37, 11),
(37, 12),
(37, 13),
(37, 14),
(37, 15),
(37, 16),
(37, 17),
(37, 18),
(37, 19),
(37, 20),
(38, 1),
(38, 2),
(38, 3),
(38, 4),
(38, 5),
(38, 6),
(38, 7),
(38, 8),
(38, 9),
(38, 10),
(38, 11),
(38, 12),
(38, 13),
(38, 14),
(38, 15),
(38, 16),
(38, 17),
(38, 18),
(38, 19),
(38, 20),
(39, 1),
(39, 2),
(39, 3),
(39, 4),
(39, 5),
(39, 6),
(39, 7),
(39, 8),
(39, 9),
(39, 10),
(39, 11),
(39, 12),
(39, 13),
(39, 14),
(39, 15),
(39, 16),
(39, 17),
(39, 18),
(39, 19),
(39, 20),
(40, 1),
(40, 2),
(40, 3),
(40, 4),
(40, 5),
(40, 6),
(40, 7),
(40, 8),
(40, 9),
(40, 10),
(40, 11),
(40, 12),
(40, 13),
(40, 14),
(40, 15),
(40, 16),
(40, 17),
(40, 18),
(40, 19),
(40, 20),
(41, 1),
(41, 2),
(41, 3),
(41, 4),
(41, 5),
(41, 6),
(41, 7),
(41, 8),
(41, 9),
(41, 10),
(41, 11),
(41, 12),
(41, 13),
(41, 14),
(41, 15),
(41, 16),
(41, 17),
(41, 18),
(41, 19),
(41, 20),
(42, 1),
(42, 2),
(42, 3),
(42, 4),
(42, 5),
(42, 6),
(42, 7),
(42, 8),
(42, 9),
(42, 10),
(42, 11),
(42, 12),
(42, 13),
(42, 14),
(42, 15),
(42, 16),
(42, 17),
(42, 18),
(42, 19),
(42, 20),
(43, 1),
(43, 2),
(43, 3),
(43, 4),
(43, 5),
(43, 6),
(43, 7),
(43, 8),
(43, 9),
(43, 10),
(43, 11),
(43, 12),
(43, 13),
(43, 14),
(43, 15),
(43, 16),
(43, 17),
(43, 18),
(43, 19),
(43, 20),
(44, 1),
(44, 2),
(44, 3),
(44, 4),
(44, 5),
(44, 6),
(44, 7),
(44, 8),
(44, 9),
(44, 10),
(44, 11),
(44, 12),
(44, 13),
(44, 14),
(44, 15),
(44, 16),
(44, 17),
(44, 18),
(44, 19),
(44, 20),
(45, 1),
(45, 2),
(45, 3),
(45, 4),
(45, 5),
(45, 6),
(45, 7),
(45, 8),
(45, 9),
(45, 10),
(45, 11),
(45, 12),
(45, 13),
(45, 14),
(45, 15),
(45, 16),
(45, 17),
(45, 18),
(45, 19),
(45, 20),
(46, 1),
(46, 2),
(46, 3),
(46, 4),
(46, 5),
(46, 6),
(46, 7),
(46, 8),
(46, 9),
(46, 10),
(46, 11),
(46, 12),
(46, 13),
(46, 14),
(46, 15),
(46, 16),
(46, 17),
(46, 18),
(46, 19),
(46, 20),
(47, 1),
(47, 2),
(47, 3),
(47, 4),
(47, 5),
(47, 6),
(47, 7),
(47, 8),
(47, 9),
(47, 10),
(47, 11),
(47, 12),
(47, 13),
(47, 14),
(47, 15),
(47, 16),
(47, 17),
(47, 18),
(47, 19),
(47, 20),
(48, 1),
(48, 2),
(48, 3),
(48, 4),
(48, 5),
(48, 6),
(48, 7),
(48, 8),
(48, 9),
(48, 10),
(48, 11),
(48, 12),
(48, 13),
(48, 14),
(48, 15),
(48, 16),
(48, 17),
(48, 18),
(48, 19),
(48, 20),
(49, 1),
(49, 2),
(49, 3),
(49, 4),
(49, 5),
(49, 6),
(49, 7),
(49, 8),
(49, 9),
(49, 10),
(49, 11),
(49, 12),
(49, 13),
(49, 14),
(49, 15),
(49, 16),
(49, 17),
(49, 18),
(49, 19),
(49, 20),
(50, 1),
(50, 2),
(50, 3),
(50, 4),
(50, 5),
(50, 6),
(50, 7),
(50, 8),
(50, 9),
(50, 10),
(50, 11),
(50, 12),
(50, 13),
(50, 14),
(50, 15),
(50, 16),
(50, 17),
(50, 18),
(50, 19),
(50, 20),
(51, 1),
(51, 2),
(51, 3),
(51, 4),
(51, 5),
(51, 6),
(51, 7),
(51, 8),
(51, 9),
(51, 10),
(51, 11),
(51, 12),
(51, 13),
(51, 14),
(51, 15),
(51, 16),
(51, 17),
(51, 18),
(51, 19),
(51, 20),
(52, 1),
(52, 2),
(52, 3),
(52, 4),
(52, 5),
(52, 6),
(52, 7),
(52, 8),
(52, 9),
(52, 10),
(52, 11),
(52, 12),
(52, 13),
(52, 14),
(52, 15),
(52, 16),
(52, 17),
(52, 18),
(52, 19),
(52, 20),
(53, 1),
(53, 2),
(53, 3),
(53, 4),
(53, 5),
(53, 6),
(53, 7),
(53, 8),
(53, 9),
(53, 10),
(53, 11),
(53, 12),
(53, 13),
(53, 14),
(53, 15),
(53, 16),
(53, 17),
(53, 18),
(53, 19),
(53, 20),
(54, 1),
(54, 2),
(54, 3),
(54, 4),
(54, 5),
(54, 6),
(54, 7),
(54, 8),
(54, 9),
(54, 10),
(54, 11),
(54, 12),
(54, 13),
(54, 14),
(54, 15),
(54, 16),
(54, 17),
(54, 18),
(54, 19),
(54, 20),
(55, 1),
(55, 2),
(55, 3),
(55, 4),
(55, 5),
(55, 6),
(55, 7),
(55, 8),
(55, 9),
(55, 10),
(55, 11),
(55, 12),
(55, 13),
(55, 14),
(55, 15),
(55, 16),
(55, 17),
(55, 18),
(55, 19),
(55, 20),
(56, 1),
(56, 2),
(56, 3),
(56, 4),
(56, 5),
(56, 6),
(56, 7),
(56, 8),
(56, 9),
(56, 10),
(56, 11),
(56, 12),
(56, 13),
(56, 14),
(56, 15),
(56, 16),
(56, 17),
(56, 18),
(56, 19),
(56, 20),
(57, 1),
(57, 2),
(57, 3),
(57, 4),
(57, 5),
(57, 6),
(57, 7),
(57, 8),
(57, 9),
(57, 10),
(57, 11),
(57, 12),
(57, 13),
(57, 14),
(57, 15),
(57, 16),
(57, 17),
(57, 18),
(57, 19),
(57, 20),
(58, 1),
(58, 2),
(58, 3),
(58, 4),
(58, 5),
(58, 6),
(58, 7),
(58, 8),
(58, 9),
(58, 10),
(58, 11),
(58, 12),
(58, 13),
(58, 14),
(58, 15),
(58, 16),
(58, 17),
(58, 18),
(58, 19),
(58, 20),
(59, 1),
(59, 2),
(59, 3),
(59, 4),
(59, 5),
(59, 6),
(59, 7),
(59, 8),
(59, 9),
(59, 10),
(59, 11),
(59, 12),
(59, 13),
(59, 14),
(59, 15),
(59, 16),
(59, 17),
(59, 18),
(59, 19),
(59, 20),
(60, 1),
(60, 2),
(60, 3),
(60, 4),
(60, 5),
(60, 6),
(60, 7),
(60, 8),
(60, 9),
(60, 10),
(60, 11),
(60, 12),
(60, 13),
(60, 14),
(60, 15),
(60, 16),
(60, 17),
(60, 18),
(60, 19),
(60, 20),
(61, 1),
(61, 2),
(61, 3),
(61, 4),
(61, 5),
(61, 6),
(61, 7),
(61, 8),
(61, 9),
(61, 10),
(61, 11),
(61, 12),
(61, 13),
(61, 14),
(61, 15),
(61, 16),
(61, 17),
(61, 18),
(61, 19),
(61, 20),
(62, 1),
(62, 2),
(62, 3),
(62, 4),
(62, 5),
(62, 6),
(62, 7),
(62, 8),
(62, 9),
(62, 10),
(62, 11),
(62, 12),
(62, 13),
(62, 14),
(62, 15),
(62, 16),
(62, 17),
(62, 18),
(62, 19),
(62, 20),
(63, 1),
(63, 2),
(63, 3),
(63, 4),
(63, 5),
(63, 6),
(63, 7),
(63, 8),
(63, 9),
(63, 10),
(63, 11),
(63, 12),
(63, 13),
(63, 14),
(63, 15),
(63, 16),
(63, 17),
(63, 18),
(63, 19),
(63, 20),
(64, 1),
(64, 2),
(64, 3),
(64, 4),
(64, 5),
(64, 6),
(64, 7),
(64, 8),
(64, 9),
(64, 10),
(64, 11),
(64, 12),
(64, 13),
(64, 14),
(64, 15),
(64, 16),
(64, 17),
(64, 18),
(64, 19),
(64, 20),
(65, 1),
(65, 2),
(65, 3),
(65, 4),
(65, 5),
(65, 6),
(65, 7),
(65, 8),
(65, 9),
(65, 10),
(65, 11),
(65, 12),
(65, 13),
(65, 14),
(65, 15),
(65, 16),
(65, 17),
(65, 18),
(65, 19),
(65, 20),
(66, 1),
(66, 2),
(66, 3),
(66, 4),
(66, 5),
(66, 6),
(66, 7),
(66, 8),
(66, 9),
(66, 10),
(66, 11),
(66, 12),
(66, 13),
(66, 14),
(66, 15),
(66, 16),
(66, 17),
(66, 18),
(66, 19),
(66, 20),
(67, 1),
(67, 2),
(67, 3),
(67, 4),
(67, 5),
(67, 6),
(67, 7),
(67, 8),
(67, 9),
(67, 10),
(67, 11),
(67, 12),
(67, 13),
(67, 14),
(67, 15),
(67, 16),
(67, 17),
(67, 18),
(67, 19),
(67, 20),
(68, 1),
(68, 2),
(68, 3),
(68, 4),
(68, 5),
(68, 6),
(68, 7),
(68, 8),
(68, 9),
(68, 10),
(68, 11),
(68, 12),
(68, 13),
(68, 14),
(68, 15),
(68, 16),
(68, 17),
(68, 18),
(68, 19),
(68, 20),
(69, 1),
(69, 2),
(69, 3),
(69, 4),
(69, 5),
(69, 6),
(69, 7),
(69, 8),
(69, 9),
(69, 10),
(69, 11),
(69, 12),
(69, 13),
(69, 14),
(69, 15),
(69, 16),
(69, 17),
(69, 18),
(69, 19),
(69, 20),
(70, 1),
(70, 2),
(70, 3),
(70, 4),
(70, 5),
(70, 6),
(70, 7),
(70, 8),
(70, 9),
(70, 10),
(70, 11),
(70, 12),
(70, 13),
(70, 14),
(70, 15),
(70, 16),
(70, 17),
(70, 18),
(70, 19),
(70, 20),
(71, 1),
(71, 2),
(71, 3),
(71, 4),
(71, 5),
(71, 6),
(71, 7),
(71, 8),
(71, 9),
(71, 10),
(71, 11),
(71, 12),
(71, 13),
(71, 14),
(71, 15),
(71, 16),
(71, 17),
(71, 18),
(71, 19),
(71, 20),
(72, 1),
(72, 2),
(72, 3),
(72, 4),
(72, 5),
(72, 6),
(72, 7),
(72, 8),
(72, 9),
(72, 10),
(72, 11),
(72, 12),
(72, 13),
(72, 14),
(72, 15),
(72, 16),
(72, 17),
(72, 18),
(72, 19),
(72, 20),
(73, 1),
(73, 2),
(73, 3),
(73, 4),
(73, 5),
(73, 6),
(73, 7),
(73, 8),
(73, 9),
(73, 10),
(73, 11),
(73, 12),
(73, 13),
(73, 14),
(73, 15),
(73, 16),
(73, 17),
(73, 18),
(73, 19),
(73, 20),
(74, 1),
(74, 2),
(74, 3),
(74, 4),
(74, 5),
(74, 6),
(74, 7),
(74, 8),
(74, 9),
(74, 10),
(74, 11),
(74, 12),
(74, 13),
(74, 14),
(74, 15),
(74, 16),
(74, 17),
(74, 18),
(74, 19),
(74, 20),
(75, 1),
(75, 2),
(75, 3),
(75, 4),
(75, 5),
(75, 6),
(75, 7),
(75, 8),
(75, 9),
(75, 10),
(75, 11),
(75, 12),
(75, 13),
(75, 14),
(75, 15),
(75, 16),
(75, 17),
(75, 18),
(75, 19),
(75, 20),
(76, 1),
(76, 2),
(76, 3),
(76, 4),
(76, 5),
(76, 6),
(76, 7),
(76, 8),
(76, 9),
(76, 10),
(76, 11),
(76, 12),
(76, 13),
(76, 14),
(76, 15),
(76, 16),
(76, 17),
(76, 18),
(76, 19),
(76, 20),
(77, 1),
(77, 2),
(77, 3),
(77, 4),
(77, 5),
(77, 6),
(77, 7),
(77, 8),
(77, 9),
(77, 10),
(77, 11),
(77, 12),
(77, 13),
(77, 14),
(77, 15),
(77, 16),
(77, 17),
(77, 18),
(77, 19),
(77, 20),
(78, 1),
(78, 2),
(78, 3),
(78, 4),
(78, 5),
(78, 6),
(78, 7),
(78, 8),
(78, 9),
(78, 10),
(78, 11),
(78, 12),
(78, 13),
(78, 14),
(78, 15),
(78, 16),
(78, 17),
(78, 18),
(78, 19),
(78, 20),
(79, 1),
(79, 2),
(79, 3),
(79, 4),
(79, 5),
(79, 6),
(79, 7),
(79, 8),
(79, 9),
(79, 10),
(79, 11),
(79, 12),
(79, 13),
(79, 14),
(79, 15),
(79, 16),
(79, 17),
(79, 18),
(79, 19),
(79, 20),
(80, 1),
(80, 2),
(80, 3),
(80, 4),
(80, 5),
(80, 6),
(80, 7),
(80, 8),
(80, 9),
(80, 10),
(80, 11),
(80, 12),
(80, 13),
(80, 14),
(80, 15),
(80, 16),
(80, 17),
(80, 18),
(80, 19),
(80, 20),
(81, 1),
(81, 2),
(81, 3),
(81, 4),
(81, 5),
(81, 6),
(81, 7),
(81, 8),
(81, 9),
(81, 10),
(81, 11),
(81, 12),
(81, 13),
(81, 14),
(81, 15),
(81, 16),
(81, 17),
(81, 18),
(81, 19),
(81, 20),
(82, 1),
(82, 2),
(82, 3),
(82, 4),
(82, 5),
(82, 6),
(82, 7),
(82, 8),
(82, 9),
(82, 10),
(82, 11),
(82, 12),
(82, 13),
(82, 14),
(82, 15),
(82, 16),
(82, 17),
(82, 18),
(82, 19),
(82, 20),
(83, 1),
(83, 2),
(83, 3),
(83, 4),
(83, 5),
(83, 6),
(83, 7),
(83, 8),
(83, 9),
(83, 10),
(83, 11),
(83, 12),
(83, 13),
(83, 14),
(83, 15),
(83, 16),
(83, 17),
(83, 18),
(83, 19),
(83, 20),
(84, 1),
(84, 2),
(84, 3),
(84, 4),
(84, 5),
(84, 6),
(84, 7),
(84, 8),
(84, 9),
(84, 10),
(84, 11),
(84, 12),
(84, 13),
(84, 14),
(84, 15),
(84, 16),
(84, 17),
(84, 18),
(84, 19),
(84, 20),
(85, 1),
(85, 2),
(85, 3),
(85, 4),
(85, 5),
(85, 6),
(85, 7),
(85, 8),
(85, 9),
(85, 10),
(85, 11),
(85, 12),
(85, 13),
(85, 14),
(85, 15),
(85, 16),
(85, 17),
(85, 18),
(85, 19),
(85, 20),
(86, 1),
(86, 2),
(86, 3),
(86, 4),
(86, 5),
(86, 6),
(86, 7),
(86, 8),
(86, 9),
(86, 10),
(86, 11),
(86, 12),
(86, 13),
(86, 14),
(86, 15),
(86, 16),
(86, 17),
(86, 18),
(86, 19),
(86, 20),
(87, 1),
(87, 2),
(87, 3),
(87, 4),
(87, 5),
(87, 6),
(87, 7),
(87, 8),
(87, 9),
(87, 10),
(87, 11),
(87, 12),
(87, 13),
(87, 14),
(87, 15),
(87, 16),
(87, 17),
(87, 18),
(87, 19),
(87, 20),
(88, 1),
(88, 2),
(88, 3),
(88, 4),
(88, 5),
(88, 6),
(88, 7),
(88, 8),
(88, 9),
(88, 10),
(88, 11),
(88, 12),
(88, 13),
(88, 14),
(88, 15),
(88, 16),
(88, 17),
(88, 18),
(88, 19),
(88, 20),
(89, 1),
(89, 2),
(89, 3),
(89, 4),
(89, 5),
(89, 6),
(89, 7),
(89, 8),
(89, 9),
(89, 10),
(89, 11),
(89, 12),
(89, 13),
(89, 14),
(89, 15),
(89, 16),
(89, 17),
(89, 18),
(89, 19),
(89, 20),
(90, 1),
(90, 2),
(90, 3),
(90, 4),
(90, 5),
(90, 6),
(90, 7),
(90, 8),
(90, 9),
(90, 10),
(90, 11),
(90, 12),
(90, 13),
(90, 14),
(90, 15),
(90, 16),
(90, 17),
(90, 18),
(90, 19),
(90, 20),
(91, 1),
(91, 2),
(91, 3),
(91, 4),
(91, 5),
(91, 6),
(91, 7),
(91, 8),
(91, 9),
(91, 10),
(91, 11),
(91, 12),
(91, 13),
(91, 14),
(91, 15),
(91, 16),
(91, 17),
(91, 18),
(91, 19),
(91, 20),
(92, 1),
(92, 2),
(92, 3),
(92, 4),
(92, 5),
(92, 6),
(92, 7),
(92, 8),
(92, 9),
(92, 10),
(92, 11),
(92, 12),
(92, 13),
(92, 14),
(92, 15),
(92, 16),
(92, 17),
(92, 18),
(92, 19),
(92, 20),
(93, 1),
(93, 2),
(93, 3),
(93, 4),
(93, 5),
(93, 6),
(93, 7),
(93, 8),
(93, 9),
(93, 10),
(93, 11),
(93, 12),
(93, 13),
(93, 14),
(93, 15),
(93, 16),
(93, 17),
(93, 18),
(93, 19),
(93, 20),
(94, 1),
(94, 2),
(94, 3),
(94, 4),
(94, 5),
(94, 6),
(94, 7),
(94, 8),
(94, 9),
(94, 10),
(94, 11),
(94, 12),
(94, 13),
(94, 14),
(94, 15),
(94, 16),
(94, 17),
(94, 18),
(94, 19),
(94, 20),
(95, 1),
(95, 2),
(95, 3),
(95, 4),
(95, 5),
(95, 6),
(95, 7),
(95, 8),
(95, 9),
(95, 10),
(95, 11),
(95, 12),
(95, 13),
(95, 14),
(95, 15),
(95, 16),
(95, 17),
(95, 18),
(95, 19),
(95, 20),
(96, 1),
(96, 2),
(96, 3),
(96, 4),
(96, 5),
(96, 6),
(96, 7),
(96, 8),
(96, 9),
(96, 10),
(96, 11),
(96, 12),
(96, 13),
(96, 14),
(96, 15),
(96, 16),
(96, 17),
(96, 18),
(96, 19),
(96, 20),
(97, 1),
(97, 2),
(97, 3),
(97, 4),
(97, 5),
(97, 6),
(97, 7),
(97, 8),
(97, 9),
(97, 10),
(97, 11),
(97, 12),
(97, 13),
(97, 14),
(97, 15),
(97, 16),
(97, 17),
(97, 18),
(97, 19),
(97, 20),
(98, 1),
(98, 2),
(98, 3),
(98, 4),
(98, 5),
(98, 6),
(98, 7),
(98, 8),
(98, 9),
(98, 10),
(98, 11),
(98, 12),
(98, 13),
(98, 14),
(98, 15),
(98, 16),
(98, 17),
(98, 18),
(98, 19),
(98, 20),
(99, 1),
(99, 2),
(99, 3),
(99, 4),
(99, 5),
(99, 6),
(99, 7),
(99, 8),
(99, 9),
(99, 10),
(99, 11),
(99, 12),
(99, 13),
(99, 14),
(99, 15),
(99, 16),
(99, 17),
(99, 18),
(99, 19),
(99, 20),
(100, 1),
(100, 2),
(100, 3),
(100, 4),
(100, 5),
(100, 6),
(100, 7),
(100, 8),
(100, 9),
(100, 10),
(100, 11),
(100, 12),
(100, 13),
(100, 14),
(100, 15),
(100, 16),
(100, 17),
(100, 18),
(100, 19),
(100, 20);

-- --------------------------------------------------------

--
-- Table structure for table `cases`
--

CREATE TABLE `cases` (
  `case_id` int(11) NOT NULL COMMENT 'รหัสเคส',
  `case_patient_id` varchar(50) NOT NULL COMMENT 'รหัสผู้ป่วย',
  `case_patient_type` varchar(50) NOT NULL DEFAULT 'ทั่วไป' COMMENT 'ประเภทผู้ป่วย',
  `case_room_from` varchar(50) NOT NULL COMMENT 'ห้องต้นทาง',
  `case_room_to` varchar(50) NOT NULL COMMENT 'ห้องปลายทาง',
  `str_type_id` int(11) DEFAULT NULL COMMENT 'FK ไป StretcherTypes',
  `case_status` enum('pending','in_progress','completed') NOT NULL DEFAULT 'pending' COMMENT 'สถานะของเคส',
  `case_requested_by` int(11) NOT NULL COMMENT 'FK ไป Users ที่เรียกเปล (Nurse)',
  `case_assigned_porter` int(11) DEFAULT NULL COMMENT 'FK ไป Users ที่รับผิดชอบ (Porter)',
  `case_created_at` datetime DEFAULT current_timestamp() COMMENT 'เวลาสร้างเคส',
  `case_completed_at` datetime DEFAULT NULL COMMENT 'เวลาส่งเสร็จ',
  `case_notes` text DEFAULT NULL COMMENT 'หมายเหตุเพิ่มเติม'
) ENGINE=InnoDB DEFAULT CHARSET=utf8mb4 COLLATE=utf8mb4_general_ci COMMENT='ตารางเก็บข้อมูลเคสผู้ป่วย';

--
-- Dumping data for table `cases`
--

INSERT INTO `cases` (`case_id`, `case_patient_id`, `case_patient_type`, `case_room_from`, `case_room_to`, `str_type_id`, `case_status`, `case_requested_by`, `case_assigned_porter`, `case_created_at`, `case_completed_at`, `case_notes`) VALUES
(1, 'P0001', 'urgent', 'ICU-302', 'WARD-12', 14, 'pending', 1, NULL, '2024-01-01 00:05:00', NULL, 'Auto generated case'),
(2, 'P0002', 'normal', 'ER-101', 'ICU-302', 3, 'pending', 3, NULL, '2024-01-01 00:10:00', NULL, 'Auto generated case'),
(3, 'P0003', 'urgent', 'ER-101', 'OPD-05', 5, 'pending', 1, NULL, '2024-01-01 00:15:00', NULL, 'Auto generated case'),
(4, 'P0004', 'normal', 'ER-102', 'ICU-301', 1, 'pending', 3, NULL, '2024-01-01 00:20:00', NULL, 'Auto generated case'),
(5, 'P0005', 'urgent', 'ICU-301', 'XRAY-03', 4, 'pending', 1, NULL, '2024-01-01 00:25:00', NULL, 'Auto generated case'),
(6, 'P0006', 'urgent', 'XRAY-03', 'ER-102', 4, 'pending', 3, NULL, '2024-01-01 00:30:00', NULL, 'Auto generated case'),
(7, 'P0007', 'normal', 'ER-101', 'OPD-05', 14, 'pending', 3, NULL, '2024-01-01 00:35:00', NULL, 'Auto generated case'),
(8, 'P0008', 'urgent', 'OPD-05', 'ICU-301', 14, 'pending', 3, NULL, '2024-01-01 00:40:00', NULL, 'Auto generated case'),
(9, 'P0009', 'urgent', 'ICU-302', 'WARD-15', 8, 'pending', 3, NULL, '2024-01-01 00:45:00', NULL, 'Auto generated case'),
(10, 'P0010', 'urgent', 'ER-102', 'OPD-05', 12, 'pending', 3, NULL, '2024-01-01 00:50:00', NULL, 'Auto generated case'),
(11, 'P0011', 'normal', 'OPD-05', 'ICU-302', 8, 'pending', 3, NULL, '2024-01-01 00:55:00', NULL, 'Auto generated case'),
(12, 'P0012', 'urgent', 'XRAY-03', 'OR-201', 12, 'pending', 1, NULL, '2024-01-01 01:00:00', NULL, 'Auto generated case'),
(13, 'P0013', 'urgent', 'WARD-12', 'OR-201', 2, 'pending', 1, NULL, '2024-01-01 01:05:00', NULL, 'Auto generated case'),
(14, 'P0014', 'normal', 'ICU-301', 'WARD-15', 9, 'pending', 3, NULL, '2024-01-01 01:10:00', NULL, 'Auto generated case'),
(15, 'P0015', 'normal', 'OR-201', 'WARD-12', 3, 'pending', 3, NULL, '2024-01-01 01:15:00', NULL, 'Auto generated case'),
(16, 'P0016', 'normal', 'WARD-15', 'OPD-05', 3, 'pending', 3, NULL, '2024-01-01 01:20:00', NULL, 'Auto generated case'),
(17, 'P0017', 'urgent', 'ICU-301', 'ER-102', 9, 'pending', 1, NULL, '2024-01-01 01:25:00', NULL, 'Auto generated case'),
(18, 'P0018', 'normal', 'OR-201', 'WARD-12', 8, 'pending', 1, NULL, '2024-01-01 01:30:00', NULL, 'Auto generated case'),
(19, 'P0019', 'normal', 'ER-101', 'WARD-12', 9, 'pending', 3, NULL, '2024-01-01 01:35:00', NULL, 'Auto generated case'),
(20, 'P0020', 'normal', 'WARD-15', 'ER-101', 1, 'pending', 3, NULL, '2024-01-01 01:40:00', NULL, 'Auto generated case'),
(21, 'P0021', 'normal', 'ICU-302', 'ER-102', 3, 'pending', 1, NULL, '2024-01-01 01:45:00', NULL, 'Auto generated case'),
(22, 'P0022', 'urgent', 'ICU-302', 'WARD-15', 12, 'pending', 1, NULL, '2024-01-01 01:50:00', NULL, 'Auto generated case'),
(23, 'P0023', 'normal', 'OR-201', 'WARD-12', 13, 'pending', 3, NULL, '2024-01-01 01:55:00', NULL, 'Auto generated case'),
(24, 'P0024', 'normal', 'ICU-301', 'ICU-302', 8, 'pending', 1, NULL, '2024-01-01 02:00:00', NULL, 'Auto generated case'),
(25, 'P0025', 'urgent', 'ICU-301', 'OPD-05', 10, 'pending', 1, NULL, '2024-01-01 02:05:00', NULL, 'Auto generated case'),
(26, 'P0026', 'urgent', 'WARD-15', 'OR-201', 9, 'pending', 1, NULL, '2024-01-01 02:10:00', NULL, 'Auto generated case'),
(27, 'P0027', 'normal', 'ER-102', 'ER-101', 15, 'pending', 1, NULL, '2024-01-01 02:15:00', NULL, 'Auto generated case'),
(28, 'P0028', 'normal', 'WARD-12', 'ICU-302', 13, 'pending', 3, NULL, '2024-01-01 02:20:00', NULL, 'Auto generated case'),
(29, 'P0029', 'normal', 'WARD-15', 'WARD-12', 11, 'pending', 3, NULL, '2024-01-01 02:25:00', NULL, 'Auto generated case'),
(30, 'P0030', 'urgent', 'ICU-302', 'OR-201', 13, 'pending', 3, NULL, '2024-01-01 02:30:00', NULL, 'Auto generated case'),
(31, 'P0031', 'urgent', 'XRAY-03', 'WARD-12', 10, 'pending', 1, NULL, '2024-01-01 02:35:00', NULL, 'Auto generated case'),
(32, 'P0032', 'normal', 'ICU-301', 'WARD-12', 13, 'pending', 1, NULL, '2024-01-01 02:40:00', NULL, 'Auto generated case'),
(33, 'P0033', 'normal', 'WARD-12', 'WARD-15', 2, 'pending', 1, NULL, '2024-01-01 02:45:00', NULL, 'Auto generated case'),
(34, 'P0034', 'urgent', 'OR-201', 'WARD-12', 8, 'pending', 3, NULL, '2024-01-01 02:50:00', NULL, 'Auto generated case'),
(35, 'P0035', 'urgent', 'ICU-301', 'WARD-15', 11, 'pending', 1, NULL, '2024-01-01 02:55:00', NULL, 'Auto generated case'),
(36, 'P0036', 'urgent', 'XRAY-03', 'ICU-302', 5, 'pending', 3, NULL, '2024-01-01 03:00:00', NULL, 'Auto generated case'),
(37, 'P0037', 'normal', 'XRAY-03', 'ER-102', 15, 'pending', 1, NULL, '2024-01-01 03:05:00', NULL, 'Auto generated case'),
(38, 'P0038', 'normal', 'ER-101', 'ICU-302', 6, 'pending', 3, NULL, '2024-01-01 03:10:00', NULL, 'Auto generated case'),
(39, 'P0039', 'urgent', 'ICU-302', 'OR-201', 5, 'pending', 1, NULL, '2024-01-01 03:15:00', NULL, 'Auto generated case'),
(40, 'P0040', 'normal', 'ICU-302', 'OPD-05', 4, 'pending', 1, NULL, '2024-01-01 03:20:00', NULL, 'Auto generated case'),
(41, 'P0041', 'urgent', 'ICU-301', 'ICU-302', 12, 'pending', 1, NULL, '2024-01-01 03:25:00', NULL, 'Auto generated case'),
(42, 'P0042', 'urgent', 'WARD-15', 'ICU-302', 7, 'pending', 1, NULL, '2024-01-01 03:30:00', NULL, 'Auto generated case'),
(43, 'P0043', 'urgent', 'ICU-301', 'OPD-05', 2, 'pending', 1, NULL, '2024-01-01 03:35:00', NULL, 'Auto generated case'),
(44, 'P0044', 'normal', 'ICU-301', 'ICU-302', 7, 'pending', 3, NULL, '2024-01-01 03:40:00', NULL, 'Auto generated case'),
(45, 'P0045', 'urgent', 'WARD-12', 'ICU-302', 8, 'pending', 3, NULL, '2024-01-01 03:45:00', NULL, 'Auto generated case'),
(46, 'P0046', 'normal', 'WARD-15', 'ICU-302', 10, 'pending', 1, NULL, '2024-01-01 03:50:00', NULL, 'Auto generated case'),
(47, 'P0047', 'normal', 'ER-102', 'OR-201', 12, 'pending', 1, NULL, '2024-01-01 03:55:00', NULL, 'Auto generated case'),
(48, 'P0048', 'urgent', 'ER-101', 'ICU-301', 10, 'pending', 1, NULL, '2024-01-01 04:00:00', NULL, 'Auto generated case'),
(49, 'P0049', 'normal', 'XRAY-03', 'OR-201', 14, 'pending', 1, NULL, '2024-01-01 04:05:00', NULL, 'Auto generated case'),
(50, 'P0050', 'normal', 'ER-102', 'WARD-12', 11, 'pending', 3, NULL, '2024-01-01 04:10:00', NULL, 'Auto generated case'),
(51, 'P0051', 'normal', 'ICU-301', 'OPD-05', 3, 'pending', 1, NULL, '2024-01-01 04:15:00', NULL, 'Auto generated case'),
(52, 'P0052', 'normal', 'ER-101', 'XRAY-03', 6, 'pending', 3, NULL, '2024-01-01 04:20:00', NULL, 'Auto generated case'),
(53, 'P0053', 'normal', 'WARD-12', 'ICU-302', 8, 'pending', 3, NULL, '2024-01-01 04:25:00', NULL, 'Auto generated case'),
(54, 'P0054', 'normal', 'WARD-15', 'ER-102', 2, 'pending', 1, NULL, '2024-01-01 04:30:00', NULL, 'Auto generated case'),
(55, 'P0055', 'urgent', 'ER-101', 'XRAY-03', 5, 'pending', 1, NULL, '2024-01-01 04:35:00', NULL, 'Auto generated case'),
(56, 'P0056', 'normal', 'ICU-301', 'WARD-15', 15, 'pending', 3, NULL, '2024-01-01 04:40:00', NULL, 'Auto generated case'),
(57, 'P0057', 'normal', 'XRAY-03', 'ICU-301', 7, 'pending', 3, NULL, '2024-01-01 04:45:00', NULL, 'Auto generated case'),
(58, 'P0058', 'urgent', 'ER-101', 'OPD-05', 9, 'pending', 1, NULL, '2024-01-01 04:50:00', NULL, 'Auto generated case'),
(59, 'P0059', 'urgent', 'ER-102', 'WARD-15', 15, 'pending', 1, NULL, '2024-01-01 04:55:00', NULL, 'Auto generated case'),
(60, 'P0060', 'urgent', 'WARD-15', 'OR-201', 12, 'pending', 3, NULL, '2024-01-01 05:00:00', NULL, 'Auto generated case'),
(61, 'P0061', 'normal', 'ICU-302', 'WARD-15', 14, 'pending', 3, NULL, '2024-01-01 05:05:00', NULL, 'Auto generated case'),
(62, 'P0062', 'normal', 'ICU-302', 'OR-201', 8, 'pending', 1, NULL, '2024-01-01 05:10:00', NULL, 'Auto generated case'),
(63, 'P0063', 'normal', 'OR-201', 'ER-102', 4, 'pending', 1, NULL, '2024-01-01 05:15:00', NULL, 'Auto generated case'),
(64, 'P0064', 'urgent', 'ER-102', 'WARD-15', 1, 'pending', 3, NULL, '2024-01-01 05:20:00', NULL, 'Auto generated case'),
(65, 'P0065', 'urgent', 'ICU-301', 'WARD-15', 14, 'pending', 3, NULL, '2024-01-01 05:25:00', NULL, 'Auto generated case'),
(66, 'P0066', 'urgent', 'ICU-301', 'OPD-05', 9, 'pending', 3, NULL, '2024-01-01 05:30:00', NULL, 'Auto generated case'),
(67, 'P0067', 'urgent', 'OPD-05', 'XRAY-03', 15, 'pending', 1, NULL, '2024-01-01 05:35:00', NULL, 'Auto generated case'),
(68, 'P0068', 'normal', 'ICU-301', 'WARD-12', 3, 'pending', 3, NULL, '2024-01-01 05:40:00', NULL, 'Auto generated case'),
(69, 'P0069', 'urgent', 'WARD-12', 'OPD-05', 13, 'pending', 1, NULL, '2024-01-01 05:45:00', NULL, 'Auto generated case'),
(70, 'P0070', 'urgent', 'OPD-05', 'WARD-15', 6, 'pending', 1, NULL, '2024-01-01 05:50:00', NULL, 'Auto generated case'),
(71, 'P0071', 'urgent', 'ER-102', 'OR-201', 3, 'pending', 3, NULL, '2024-01-01 05:55:00', NULL, 'Auto generated case'),
(72, 'P0072', 'normal', 'OR-201', 'WARD-15', 13, 'pending', 1, NULL, '2024-01-01 06:00:00', NULL, 'Auto generated case'),
(73, 'P0073', 'urgent', 'ICU-302', 'XRAY-03', 10, 'pending', 1, NULL, '2024-01-01 06:05:00', NULL, 'Auto generated case'),
(74, 'P0074', 'urgent', 'ICU-302', 'WARD-12', 7, 'pending', 3, NULL, '2024-01-01 06:10:00', NULL, 'Auto generated case'),
(75, 'P0075', 'urgent', 'ER-102', 'OR-201', 9, 'pending', 3, NULL, '2024-01-01 06:15:00', NULL, 'Auto generated case'),
(76, 'P0076', 'normal', 'XRAY-03', 'ICU-302', 12, 'pending', 1, NULL, '2024-01-01 06:20:00', NULL, 'Auto generated case'),
(77, 'P0077', 'urgent', 'WARD-15', 'OPD-05', 6, 'pending', 1, NULL, '2024-01-01 06:25:00', NULL, 'Auto generated case'),
(78, 'P0078', 'urgent', 'ICU-301', 'ICU-302', 4, 'pending', 3, NULL, '2024-01-01 06:30:00', NULL, 'Auto generated case'),
(79, 'P0079', 'urgent', 'ICU-302', 'OPD-05', 5, 'pending', 3, NULL, '2024-01-01 06:35:00', NULL, 'Auto generated case'),
(80, 'P0080', 'urgent', 'WARD-12', 'OR-201', 7, 'pending', 3, NULL, '2024-01-01 06:40:00', NULL, 'Auto generated case'),
(81, 'P0081', 'urgent', 'WARD-15', 'WARD-12', 5, 'pending', 1, NULL, '2024-01-01 06:45:00', NULL, 'Auto generated case'),
(82, 'P0082', 'urgent', 'OR-201', 'OPD-05', 2, 'pending', 3, NULL, '2024-01-01 06:50:00', NULL, 'Auto generated case'),
(83, 'P0083', 'urgent', 'OPD-05', 'ICU-301', 5, 'pending', 3, NULL, '2024-01-01 06:55:00', NULL, 'Auto generated case'),
(84, 'P0084', 'normal', 'OR-201', 'ICU-302', 1, 'pending', 3, NULL, '2024-01-01 07:00:00', NULL, 'Auto generated case'),
(85, 'P0085', 'normal', 'ICU-302', 'ICU-301', 3, 'pending', 3, NULL, '2024-01-01 07:05:00', NULL, 'Auto generated case'),
(86, 'P0086', 'normal', 'WARD-15', 'ICU-301', 8, 'pending', 1, NULL, '2024-01-01 07:10:00', NULL, 'Auto generated case'),
(87, 'P0087', 'urgent', 'ICU-301', 'XRAY-03', 1, 'pending', 1, NULL, '2024-01-01 07:15:00', NULL, 'Auto generated case'),
(88, 'P0088', 'normal', 'ICU-302', 'WARD-12', 3, 'pending', 3, NULL, '2024-01-01 07:20:00', NULL, 'Auto generated case'),
(89, 'P0089', 'urgent', 'ICU-302', 'ER-102', 8, 'pending', 3, NULL, '2024-01-01 07:25:00', NULL, 'Auto generated case'),
(90, 'P0090', 'normal', 'ER-102', 'WARD-15', 8, 'pending', 3, NULL, '2024-01-01 07:30:00', NULL, 'Auto generated case'),
(91, 'P0091', 'normal', 'ER-101', 'ICU-301', 7, 'pending', 3, NULL, '2024-01-01 07:35:00', NULL, 'Auto generated case'),
(92, 'P0092', 'normal', 'ER-101', 'WARD-12', 9, 'pending', 1, NULL, '2024-01-01 07:40:00', NULL, 'Auto generated case'),
(93, 'P0093', 'normal', 'XRAY-03', 'ICU-301', 11, 'pending', 1, NULL, '2024-01-01 07:45:00', NULL, 'Auto generated case'),
(94, 'P0094', 'normal', 'WARD-15', 'WARD-12', 1, 'pending', 3, NULL, '2024-01-01 07:50:00', NULL, 'Auto generated case'),
(95, 'P0095', 'urgent', 'ICU-301', 'ER-102', 7, 'pending', 3, NULL, '2024-01-01 07:55:00', NULL, 'Auto generated case'),
(96, 'P0096', 'normal', 'OR-201', 'ICU-302', 10, 'pending', 1, NULL, '2024-01-01 08:00:00', NULL, 'Auto generated case'),
(97, 'P0097', 'urgent', 'WARD-12', 'ICU-301', 9, 'pending', 1, NULL, '2024-01-01 08:05:00', NULL, 'Auto generated case'),
(98, 'P0098', 'normal', 'ER-101', 'ICU-301', 1, 'pending', 1, NULL, '2024-01-01 08:10:00', NULL, 'Auto generated case'),
(99, 'P0099', 'urgent', 'WARD-12', 'ER-102', 6, 'pending', 1, NULL, '2024-01-01 08:15:00', NULL, 'Auto generated case'),
(100, 'P0100', 'normal', 'OR-201', 'ICU-302', 4, 'pending', 3, NULL, '2024-01-01 08:20:00', NULL, 'Auto generated case'),
(101, 'P0101', 'normal', 'WARD-12', 'ICU-301', 4, 'pending', 3, NULL, '2024-01-01 08:25:00', NULL, 'Auto generated case'),
(102, 'P0102', 'urgent', 'ER-101', 'OPD-05', 4, 'pending', 3, NULL, '2024-01-01 08:30:00', NULL, 'Auto generated case'),
(103, 'P0103', 'urgent', 'ICU-301', 'OR-201', 11, 'pending', 3, NULL, '2024-01-01 08:35:00', NULL, 'Auto generated case'),
(104, 'P0104', 'urgent', 'ICU-301', 'ICU-302', 11, 'pending', 3, NULL, '2024-01-01 08:40:00', NULL, 'Auto generated case'),
(105, 'P0105', 'normal', 'WARD-12', 'ER-102', 2, 'pending', 3, NULL, '2024-01-01 08:45:00', NULL, 'Auto generated case'),
(106, 'P0106', 'normal', 'OPD-05', 'ER-102', 8, 'pending', 3, NULL, '2024-01-01 08:50:00', NULL, 'Auto generated case'),
(107, 'P0107', 'normal', 'WARD-12', 'OR-201', 1, 'pending', 1, NULL, '2024-01-01 08:55:00', NULL, 'Auto generated case'),
(108, 'P0108', 'normal', 'WARD-15', 'ER-101', 8, 'pending', 1, NULL, '2024-01-01 09:00:00', NULL, 'Auto generated case'),
(109, 'P0109', 'urgent', 'OPD-05', 'ICU-301', 3, 'pending', 1, NULL, '2024-01-01 09:05:00', NULL, 'Auto generated case'),
(110, 'P0110', 'urgent', 'XRAY-03', 'WARD-15', 3, 'pending', 3, NULL, '2024-01-01 09:10:00', NULL, 'Auto generated case'),
(111, 'P0111', 'urgent', 'OPD-05', 'WARD-15', 11, 'pending', 1, NULL, '2024-01-01 09:15:00', NULL, 'Auto generated case'),
(112, 'P0112', 'normal', 'OR-201', 'ICU-302', 9, 'pending', 3, NULL, '2024-01-01 09:20:00', NULL, 'Auto generated case'),
(113, 'P0113', 'urgent', 'WARD-12', 'ICU-301', 13, 'pending', 1, NULL, '2024-01-01 09:25:00', NULL, 'Auto generated case'),
(114, 'P0114', 'normal', 'WARD-12', 'ER-101', 14, 'pending', 3, NULL, '2024-01-01 09:30:00', NULL, 'Auto generated case'),
(115, 'P0115', 'urgent', 'OPD-05', 'ICU-302', 9, 'pending', 1, NULL, '2024-01-01 09:35:00', NULL, 'Auto generated case'),
(116, 'P0116', 'normal', 'OPD-05', 'ER-102', 14, 'pending', 3, NULL, '2024-01-01 09:40:00', NULL, 'Auto generated case'),
(117, 'P0117', 'urgent', 'ER-101', 'ICU-302', 4, 'pending', 1, NULL, '2024-01-01 09:45:00', NULL, 'Auto generated case'),
(118, 'P0118', 'normal', 'WARD-15', 'WARD-12', 5, 'pending', 3, NULL, '2024-01-01 09:50:00', NULL, 'Auto generated case'),
(119, 'P0119', 'normal', 'OPD-05', 'ER-101', 14, 'pending', 1, NULL, '2024-01-01 09:55:00', NULL, 'Auto generated case'),
(120, 'P0120', 'urgent', 'ER-102', 'WARD-12', 10, 'pending', 1, NULL, '2024-01-01 10:00:00', NULL, 'Auto generated case'),
(121, 'P0121', 'urgent', 'WARD-15', 'OPD-05', 6, 'pending', 1, NULL, '2024-01-01 10:05:00', NULL, 'Auto generated case'),
(122, 'P0122', 'normal', 'OR-201', 'WARD-15', 8, 'pending', 3, NULL, '2024-01-01 10:10:00', NULL, 'Auto generated case'),
(123, 'P0123', 'normal', 'ICU-302', 'WARD-12', 3, 'pending', 1, NULL, '2024-01-01 10:15:00', NULL, 'Auto generated case'),
(124, 'P0124', 'normal', 'ER-101', 'XRAY-03', 3, 'pending', 3, NULL, '2024-01-01 10:20:00', NULL, 'Auto generated case'),
(125, 'P0125', 'normal', 'OPD-05', 'ER-101', 12, 'pending', 3, NULL, '2024-01-01 10:25:00', NULL, 'Auto generated case'),
(126, 'P0126', 'urgent', 'WARD-12', 'WARD-15', 14, 'pending', 1, NULL, '2024-01-01 10:30:00', NULL, 'Auto generated case'),
(127, 'P0127', 'urgent', 'ICU-301', 'OR-201', 8, 'pending', 3, NULL, '2024-01-01 10:35:00', NULL, 'Auto generated case'),
(128, 'P0128', 'normal', 'WARD-12', 'WARD-15', 2, 'pending', 3, NULL, '2024-01-01 10:40:00', NULL, 'Auto generated case'),
(129, 'P0129', 'urgent', 'ICU-301', 'WARD-15', 11, 'pending', 1, NULL, '2024-01-01 10:45:00', NULL, 'Auto generated case'),
(130, 'P0130', 'normal', 'ER-101', 'ICU-302', 6, 'pending', 3, NULL, '2024-01-01 10:50:00', NULL, 'Auto generated case'),
(131, 'P0131', 'urgent', 'ER-101', 'ICU-302', 14, 'pending', 1, NULL, '2024-01-01 10:55:00', NULL, 'Auto generated case'),
(132, 'P0132', 'normal', 'OR-201', 'WARD-12', 10, 'pending', 1, NULL, '2024-01-01 11:00:00', NULL, 'Auto generated case'),
(133, 'P0133', 'urgent', 'OPD-05', 'ER-102', 10, 'pending', 3, NULL, '2024-01-01 11:05:00', NULL, 'Auto generated case'),
(134, 'P0134', 'normal', 'WARD-15', 'ER-101', 12, 'pending', 1, NULL, '2024-01-01 11:10:00', NULL, 'Auto generated case'),
(135, 'P0135', 'urgent', 'XRAY-03', 'ICU-301', 8, 'pending', 1, NULL, '2024-01-01 11:15:00', NULL, 'Auto generated case'),
(136, 'P0136', 'normal', 'WARD-12', 'WARD-15', 7, 'pending', 1, NULL, '2024-01-01 11:20:00', NULL, 'Auto generated case'),
(137, 'P0137', 'normal', 'ICU-302', 'OPD-05', 8, 'pending', 3, NULL, '2024-01-01 11:25:00', NULL, 'Auto generated case'),
(138, 'P0138', 'normal', 'WARD-12', 'OPD-05', 9, 'pending', 1, NULL, '2024-01-01 11:30:00', NULL, 'Auto generated case'),
(139, 'P0139', 'urgent', 'WARD-12', 'ER-101', 13, 'pending', 1, NULL, '2024-01-01 11:35:00', NULL, 'Auto generated case'),
(140, 'P0140', 'urgent', 'ER-101', 'XRAY-03', 15, 'pending', 1, NULL, '2024-01-01 11:40:00', NULL, 'Auto generated case'),
(141, 'P0141', 'normal', 'WARD-15', 'OR-201', 4, 'pending', 1, NULL, '2024-01-01 11:45:00', NULL, 'Auto generated case'),
(142, 'P0142', 'normal', 'ICU-301', 'XRAY-03', 7, 'pending', 1, NULL, '2024-01-01 11:50:00', NULL, 'Auto generated case'),
(143, 'P0143', 'normal', 'ER-101', 'ICU-302', 2, 'pending', 3, NULL, '2024-01-01 11:55:00', NULL, 'Auto generated case'),
(144, 'P0144', 'urgent', 'ICU-302', 'XRAY-03', 2, 'pending', 3, NULL, '2024-01-01 12:00:00', NULL, 'Auto generated case'),
(145, 'P0145', 'normal', 'XRAY-03', 'ER-101', 7, 'pending', 1, NULL, '2024-01-01 12:05:00', NULL, 'Auto generated case'),
(146, 'P0146', 'urgent', 'WARD-12', 'ICU-301', 1, 'pending', 1, NULL, '2024-01-01 12:10:00', NULL, 'Auto generated case'),
(147, 'P0147', 'urgent', 'ER-101', 'ICU-302', 7, 'pending', 1, NULL, '2024-01-01 12:15:00', NULL, 'Auto generated case'),
(148, 'P0148', 'normal', 'ICU-302', 'ER-102', 15, 'pending', 1, NULL, '2024-01-01 12:20:00', NULL, 'Auto generated case'),
(149, 'P0149', 'normal', 'ER-101', 'WARD-12', 15, 'pending', 3, NULL, '2024-01-01 12:25:00', NULL, 'Auto generated case'),
(150, 'P0150', 'normal', 'OR-201', 'OPD-05', 1, 'pending', 1, NULL, '2024-01-01 12:30:00', NULL, 'Auto generated case'),
(151, 'P0151', 'normal', 'ER-102', 'OPD-05', 15, 'pending', 1, NULL, '2024-01-01 12:35:00', NULL, 'Auto generated case'),
(152, 'P0152', 'normal', 'OPD-05', 'WARD-12', 13, 'pending', 1, NULL, '2024-01-01 12:40:00', NULL, 'Auto generated case'),
(153, 'P0153', 'normal', 'OPD-05', 'ER-101', 5, 'pending', 1, NULL, '2024-01-01 12:45:00', NULL, 'Auto generated case'),
(154, 'P0154', 'normal', 'WARD-12', 'XRAY-03', 10, 'pending', 3, NULL, '2024-01-01 12:50:00', NULL, 'Auto generated case'),
(155, 'P0155', 'normal', 'ICU-301', 'ICU-302', 11, 'pending', 3, NULL, '2024-01-01 12:55:00', NULL, 'Auto generated case'),
(156, 'P0156', 'urgent', 'ICU-302', 'WARD-15', 2, 'pending', 3, NULL, '2024-01-01 13:00:00', NULL, 'Auto generated case'),
(157, 'P0157', 'urgent', 'WARD-12', 'OPD-05', 12, 'pending', 3, NULL, '2024-01-01 13:05:00', NULL, 'Auto generated case'),
(158, 'P0158', 'urgent', 'ICU-301', 'WARD-12', 1, 'pending', 1, NULL, '2024-01-01 13:10:00', NULL, 'Auto generated case'),
(159, 'P0159', 'urgent', 'ER-101', 'XRAY-03', 6, 'pending', 3, NULL, '2024-01-01 13:15:00', NULL, 'Auto generated case'),
(160, 'P0160', 'urgent', 'OPD-05', 'ICU-301', 14, 'pending', 1, NULL, '2024-01-01 13:20:00', NULL, 'Auto generated case'),
(161, 'P0161', 'normal', 'XRAY-03', 'WARD-15', 10, 'pending', 3, NULL, '2024-01-01 13:25:00', NULL, 'Auto generated case'),
(162, 'P0162', 'urgent', 'ICU-301', 'OR-201', 13, 'pending', 3, NULL, '2024-01-01 13:30:00', NULL, 'Auto generated case'),
(163, 'P0163', 'normal', 'ICU-302', 'XRAY-03', 3, 'pending', 1, NULL, '2024-01-01 13:35:00', NULL, 'Auto generated case'),
(164, 'P0164', 'urgent', 'OPD-05', 'XRAY-03', 10, 'pending', 1, NULL, '2024-01-01 13:40:00', NULL, 'Auto generated case'),
(165, 'P0165', 'normal', 'ICU-302', 'OPD-05', 4, 'pending', 1, NULL, '2024-01-01 13:45:00', NULL, 'Auto generated case'),
(166, 'P0166', 'normal', 'OPD-05', 'ICU-301', 9, 'pending', 1, NULL, '2024-01-01 13:50:00', NULL, 'Auto generated case'),
(167, 'P0167', 'normal', 'OPD-05', 'ER-101', 11, 'pending', 1, NULL, '2024-01-01 13:55:00', NULL, 'Auto generated case'),
(168, 'P0168', 'urgent', 'XRAY-03', 'ICU-302', 10, 'pending', 1, NULL, '2024-01-01 14:00:00', NULL, 'Auto generated case'),
(169, 'P0169', 'urgent', 'XRAY-03', 'ICU-302', 4, 'pending', 1, NULL, '2024-01-01 14:05:00', NULL, 'Auto generated case'),
(170, 'P0170', 'normal', 'WARD-15', 'OPD-05', 15, 'pending', 1, NULL, '2024-01-01 14:10:00', NULL, 'Auto generated case'),
(171, 'P0171', 'normal', 'ER-101', 'OR-201', 7, 'pending', 3, NULL, '2024-01-01 14:15:00', NULL, 'Auto generated case'),
(172, 'P0172', 'urgent', 'ICU-302', 'WARD-12', 2, 'pending', 1, NULL, '2024-01-01 14:20:00', NULL, 'Auto generated case'),
(173, 'P0173', 'normal', 'WARD-12', 'WARD-15', 5, 'pending', 3, NULL, '2024-01-01 14:25:00', NULL, 'Auto generated case'),
(174, 'P0174', 'normal', 'ER-101', 'WARD-12', 11, 'pending', 1, NULL, '2024-01-01 14:30:00', NULL, 'Auto generated case'),
(175, 'P0175', 'normal', 'WARD-12', 'ICU-301', 9, 'pending', 1, NULL, '2024-01-01 14:35:00', NULL, 'Auto generated case'),
(176, 'P0176', 'urgent', 'XRAY-03', 'WARD-12', 8, 'pending', 1, NULL, '2024-01-01 14:40:00', NULL, 'Auto generated case'),
(177, 'P0177', 'urgent', 'WARD-15', 'XRAY-03', 15, 'pending', 1, NULL, '2024-01-01 14:45:00', NULL, 'Auto generated case'),
(178, 'P0178', 'normal', 'OR-201', 'WARD-15', 10, 'pending', 1, NULL, '2024-01-01 14:50:00', NULL, 'Auto generated case'),
(179, 'P0179', 'normal', 'ICU-302', 'WARD-15', 15, 'pending', 3, NULL, '2024-01-01 14:55:00', NULL, 'Auto generated case'),
(180, 'P0180', 'normal', 'OR-201', 'ER-101', 1, 'pending', 3, NULL, '2024-01-01 15:00:00', NULL, 'Auto generated case'),
(181, 'P0181', 'urgent', 'XRAY-03', 'OPD-05', 11, 'pending', 1, NULL, '2024-01-01 15:05:00', NULL, 'Auto generated case'),
(182, 'P0182', 'urgent', 'ICU-302', 'WARD-15', 3, 'pending', 1, NULL, '2024-01-01 15:10:00', NULL, 'Auto generated case'),
(183, 'P0183', 'urgent', 'OPD-05', 'OR-201', 8, 'pending', 1, NULL, '2024-01-01 15:15:00', NULL, 'Auto generated case'),
(184, 'P0184', 'urgent', 'ER-102', 'WARD-15', 4, 'pending', 3, NULL, '2024-01-01 15:20:00', NULL, 'Auto generated case'),
(185, 'P0185', 'urgent', 'OPD-05', 'OR-201', 6, 'pending', 1, NULL, '2024-01-01 15:25:00', NULL, 'Auto generated case'),
(186, 'P0186', 'urgent', 'ICU-302', 'OPD-05', 13, 'pending', 3, NULL, '2024-01-01 15:30:00', NULL, 'Auto generated case'),
(187, 'P0187', 'normal', 'OR-201', 'WARD-15', 15, 'pending', 3, NULL, '2024-01-01 15:35:00', NULL, 'Auto generated case'),
(188, 'P0188', 'urgent', 'OPD-05', 'OR-201', 8, 'pending', 1, NULL, '2024-01-01 15:40:00', NULL, 'Auto generated case'),
(189, 'P0189', 'normal', 'OPD-05', 'ICU-302', 4, 'pending', 3, NULL, '2024-01-01 15:45:00', NULL, 'Auto generated case'),
(190, 'P0190', 'urgent', 'ICU-301', 'ER-101', 11, 'pending', 3, NULL, '2024-01-01 15:50:00', NULL, 'Auto generated case'),
(191, 'P0191', 'urgent', 'OR-201', 'OPD-05', 12, 'pending', 3, NULL, '2024-01-01 15:55:00', NULL, 'Auto generated case'),
(192, 'P0192', 'normal', 'WARD-15', 'ICU-301', 8, 'pending', 3, NULL, '2024-01-01 16:00:00', NULL, 'Auto generated case'),
(193, 'P0193', 'urgent', 'WARD-12', 'XRAY-03', 7, 'pending', 1, NULL, '2024-01-01 16:05:00', NULL, 'Auto generated case'),
(194, 'P0194', 'urgent', 'OR-201', 'ER-101', 3, 'pending', 1, NULL, '2024-01-01 16:10:00', NULL, 'Auto generated case'),
(195, 'P0195', 'normal', 'OPD-05', 'ICU-302', 4, 'pending', 3, NULL, '2024-01-01 16:15:00', NULL, 'Auto generated case'),
(196, 'P0196', 'normal', 'OR-201', 'ER-102', 9, 'pending', 1, NULL, '2024-01-01 16:20:00', NULL, 'Auto generated case'),
(197, 'P0197', 'urgent', 'ICU-302', 'OPD-05', 14, 'pending', 3, NULL, '2024-01-01 16:25:00', NULL, 'Auto generated case'),
(198, 'P0198', 'normal', 'XRAY-03', 'ER-102', 7, 'pending', 3, NULL, '2024-01-01 16:30:00', NULL, 'Auto generated case'),
(199, 'P0199', 'urgent', 'WARD-12', 'OPD-05', 8, 'pending', 3, NULL, '2024-01-01 16:35:00', NULL, 'Auto generated case'),
(200, 'P0200', 'urgent', 'ICU-302', 'WARD-15', 13, 'pending', 3, NULL, '2024-01-01 16:40:00', NULL, 'Auto generated case'),
(201, 'P0201', 'urgent', 'XRAY-03', 'OPD-05', 1, 'pending', 1, NULL, '2024-01-01 16:45:00', NULL, 'Auto generated case'),
(202, 'P0202', 'normal', 'OR-201', 'ICU-301', 15, 'pending', 1, NULL, '2024-01-01 16:50:00', NULL, 'Auto generated case'),
(203, 'P0203', 'urgent', 'OR-201', 'XRAY-03', 13, 'pending', 3, NULL, '2024-01-01 16:55:00', NULL, 'Auto generated case'),
(204, 'P0204', 'urgent', 'XRAY-03', 'ICU-302', 6, 'pending', 1, NULL, '2024-01-01 17:00:00', NULL, 'Auto generated case'),
(205, 'P0205', 'normal', 'ER-101', 'ICU-301', 15, 'pending', 1, NULL, '2024-01-01 17:05:00', NULL, 'Auto generated case'),
(206, 'P0206', 'urgent', 'OPD-05', 'ICU-301', 15, 'pending', 3, NULL, '2024-01-01 17:10:00', NULL, 'Auto generated case'),
(207, 'P0207', 'urgent', 'XRAY-03', 'WARD-12', 12, 'pending', 3, NULL, '2024-01-01 17:15:00', NULL, 'Auto generated case'),
(208, 'P0208', 'normal', 'OPD-05', 'XRAY-03', 6, 'pending', 3, NULL, '2024-01-01 17:20:00', NULL, 'Auto generated case'),
(209, 'P0209', 'normal', 'OR-201', 'WARD-12', 5, 'pending', 3, NULL, '2024-01-01 17:25:00', NULL, 'Auto generated case'),
(210, 'P0210', 'urgent', 'XRAY-03', 'OR-201', 8, 'pending', 1, NULL, '2024-01-01 17:30:00', NULL, 'Auto generated case'),
(211, 'P0211', 'normal', 'XRAY-03', 'ICU-301', 1, 'pending', 3, NULL, '2024-01-01 17:35:00', NULL, 'Auto generated case'),
(212, 'P0212', 'normal', 'ER-101', 'OPD-05', 12, 'pending', 1, NULL, '2024-01-01 17:40:00', NULL, 'Auto generated case'),
(213, 'P0213', 'urgent', 'OPD-05', 'WARD-15', 1, 'pending', 3, NULL, '2024-01-01 17:45:00', NULL, 'Auto generated case'),
(214, 'P0214', 'urgent', 'WARD-12', 'OR-201', 5, 'pending', 1, NULL, '2024-01-01 17:50:00', NULL, 'Auto generated case'),
(215, 'P0215', 'urgent', 'ER-101', 'ER-102', 15, 'pending', 1, NULL, '2024-01-01 17:55:00', NULL, 'Auto generated case'),
(216, 'P0216', 'urgent', 'ER-101', 'OPD-05', 2, 'pending', 3, NULL, '2024-01-01 18:00:00', NULL, 'Auto generated case'),
(217, 'P0217', 'urgent', 'ER-101', 'WARD-12', 6, 'pending', 1, NULL, '2024-01-01 18:05:00', NULL, 'Auto generated case'),
(218, 'P0218', 'normal', 'XRAY-03', 'OPD-05', 7, 'pending', 1, NULL, '2024-01-01 18:10:00', NULL, 'Auto generated case'),
(219, 'P0219', 'urgent', 'ER-102', 'ER-101', 6, 'pending', 1, NULL, '2024-01-01 18:15:00', NULL, 'Auto generated case'),
(220, 'P0220', 'urgent', 'ER-101', 'WARD-15', 4, 'pending', 1, NULL, '2024-01-01 18:20:00', NULL, 'Auto generated case'),
(221, 'P0221', 'normal', 'OPD-05', 'ER-102', 3, 'pending', 1, NULL, '2024-01-01 18:25:00', NULL, 'Auto generated case'),
(222, 'P0222', 'normal', 'WARD-12', 'ER-102', 11, 'pending', 3, NULL, '2024-01-01 18:30:00', NULL, 'Auto generated case'),
(223, 'P0223', 'urgent', 'ER-102', 'OPD-05', 5, 'pending', 1, NULL, '2024-01-01 18:35:00', NULL, 'Auto generated case'),
(224, 'P0224', 'normal', 'WARD-12', 'OPD-05', 6, 'pending', 3, NULL, '2024-01-01 18:40:00', NULL, 'Auto generated case'),
(225, 'P0225', 'urgent', 'ER-101', 'ICU-302', 1, 'pending', 1, NULL, '2024-01-01 18:45:00', NULL, 'Auto generated case'),
(226, 'P0226', 'urgent', 'WARD-12', 'WARD-15', 11, 'pending', 3, NULL, '2024-01-01 18:50:00', NULL, 'Auto generated case'),
(227, 'P0227', 'normal', 'OPD-05', 'XRAY-03', 6, 'pending', 3, NULL, '2024-01-01 18:55:00', NULL, 'Auto generated case'),
(228, 'P0228', 'urgent', 'OPD-05', 'ER-101', 14, 'pending', 1, NULL, '2024-01-01 19:00:00', NULL, 'Auto generated case'),
(229, 'P0229', 'urgent', 'OPD-05', 'XRAY-03', 3, 'pending', 1, NULL, '2024-01-01 19:05:00', NULL, 'Auto generated case'),
(230, 'P0230', 'urgent', 'ICU-302', 'OR-201', 9, 'pending', 1, NULL, '2024-01-01 19:10:00', NULL, 'Auto generated case'),
(231, 'P0231', 'normal', 'XRAY-03', 'ER-101', 13, 'pending', 1, NULL, '2024-01-01 19:15:00', NULL, 'Auto generated case'),
(232, 'P0232', 'normal', 'OR-201', 'WARD-12', 11, 'pending', 3, NULL, '2024-01-01 19:20:00', NULL, 'Auto generated case'),
(233, 'P0233', 'urgent', 'OPD-05', 'WARD-12', 8, 'pending', 1, NULL, '2024-01-01 19:25:00', NULL, 'Auto generated case'),
(234, 'P0234', 'normal', 'ER-101', 'OPD-05', 8, 'pending', 1, NULL, '2024-01-01 19:30:00', NULL, 'Auto generated case'),
(235, 'P0235', 'normal', 'WARD-12', 'ICU-302', 8, 'pending', 1, NULL, '2024-01-01 19:35:00', NULL, 'Auto generated case'),
(236, 'P0236', 'normal', 'OR-201', 'WARD-12', 11, 'pending', 3, NULL, '2024-01-01 19:40:00', NULL, 'Auto generated case'),
(237, 'P0237', 'urgent', 'OR-201', 'XRAY-03', 14, 'pending', 1, NULL, '2024-01-01 19:45:00', NULL, 'Auto generated case'),
(238, 'P0238', 'normal', 'WARD-15', 'ICU-302', 9, 'pending', 3, NULL, '2024-01-01 19:50:00', NULL, 'Auto generated case'),
(239, 'P0239', 'urgent', 'ICU-301', 'OR-201', 1, 'pending', 3, NULL, '2024-01-01 19:55:00', NULL, 'Auto generated case'),
(240, 'P0240', 'normal', 'OR-201', 'ER-102', 5, 'pending', 3, NULL, '2024-01-01 20:00:00', NULL, 'Auto generated case'),
(241, 'P0241', 'normal', 'ER-102', 'OPD-05', 5, 'pending', 3, NULL, '2024-01-01 20:05:00', NULL, 'Auto generated case'),
(242, 'P0242', 'urgent', 'ICU-302', 'WARD-15', 13, 'pending', 1, NULL, '2024-01-01 20:10:00', NULL, 'Auto generated case'),
(243, 'P0243', 'urgent', 'XRAY-03', 'ER-102', 3, 'pending', 3, NULL, '2024-01-01 20:15:00', NULL, 'Auto generated case'),
(244, 'P0244', 'normal', 'WARD-12', 'OPD-05', 12, 'pending', 1, NULL, '2024-01-01 20:20:00', NULL, 'Auto generated case'),
(245, 'P0245', 'normal', 'XRAY-03', 'ICU-301', 9, 'pending', 3, NULL, '2024-01-01 20:25:00', NULL, 'Auto generated case'),
(246, 'P0246', 'urgent', 'ER-101', 'ICU-301', 2, 'pending', 3, NULL, '2024-01-01 20:30:00', NULL, 'Auto generated case'),
(247, 'P0247', 'urgent', 'XRAY-03', 'ICU-301', 9, 'pending', 3, NULL, '2024-01-01 20:35:00', NULL, 'Auto generated case'),
(248, 'P0248', 'normal', 'ICU-301', 'WARD-12', 15, 'pending', 1, NULL, '2024-01-01 20:40:00', NULL, 'Auto generated case'),
(249, 'P0249', 'normal', 'OR-201', 'XRAY-03', 8, 'pending', 1, NULL, '2024-01-01 20:45:00', NULL, 'Auto generated case'),
(250, 'P0250', 'urgent', 'ICU-301', 'OPD-05', 11, 'pending', 1, NULL, '2024-01-01 20:50:00', NULL, 'Auto generated case'),
(251, 'P0251', 'normal', 'ER-101', 'WARD-15', 11, 'pending', 3, NULL, '2024-01-01 20:55:00', NULL, 'Auto generated case'),
(252, 'P0252', 'normal', 'OR-201', 'XRAY-03', 7, 'pending', 1, NULL, '2024-01-01 21:00:00', NULL, 'Auto generated case'),
(253, 'P0253', 'urgent', 'WARD-12', 'WARD-15', 10, 'pending', 1, NULL, '2024-01-01 21:05:00', NULL, 'Auto generated case'),
(254, 'P0254', 'normal', 'XRAY-03', 'OPD-05', 15, 'pending', 3, NULL, '2024-01-01 21:10:00', NULL, 'Auto generated case'),
(255, 'P0255', 'urgent', 'ER-102', 'OPD-05', 2, 'pending', 1, NULL, '2024-01-01 21:15:00', NULL, 'Auto generated case'),
(256, 'P0256', 'normal', 'OR-201', 'XRAY-03', 15, 'pending', 3, NULL, '2024-01-01 21:20:00', NULL, 'Auto generated case'),
(257, 'P0257', 'normal', 'ICU-302', 'WARD-12', 15, 'pending', 1, NULL, '2024-01-01 21:25:00', NULL, 'Auto generated case'),
(258, 'P0258', 'urgent', 'OPD-05', 'XRAY-03', 8, 'pending', 3, NULL, '2024-01-01 21:30:00', NULL, 'Auto generated case'),
(259, 'P0259', 'normal', 'ER-102', 'OR-201', 3, 'pending', 1, NULL, '2024-01-01 21:35:00', NULL, 'Auto generated case'),
(260, 'P0260', 'urgent', 'ICU-302', 'WARD-12', 5, 'pending', 3, NULL, '2024-01-01 21:40:00', NULL, 'Auto generated case'),
(261, 'P0261', 'urgent', 'ICU-301', 'ER-102', 11, 'pending', 1, NULL, '2024-01-01 21:45:00', NULL, 'Auto generated case'),
(262, 'P0262', 'urgent', 'WARD-12', 'WARD-15', 3, 'pending', 3, NULL, '2024-01-01 21:50:00', NULL, 'Auto generated case'),
(263, 'P0263', 'normal', 'WARD-12', 'XRAY-03', 3, 'pending', 1, NULL, '2024-01-01 21:55:00', NULL, 'Auto generated case'),
(264, 'P0264', 'urgent', 'ICU-301', 'WARD-15', 7, 'pending', 1, NULL, '2024-01-01 22:00:00', NULL, 'Auto generated case'),
(265, 'P0265', 'normal', 'OPD-05', 'WARD-12', 3, 'pending', 3, NULL, '2024-01-01 22:05:00', NULL, 'Auto generated case'),
(266, 'P0266', 'normal', 'ER-101', 'OR-201', 14, 'pending', 3, NULL, '2024-01-01 22:10:00', NULL, 'Auto generated case'),
(267, 'P0267', 'urgent', 'OR-201', 'ER-102', 7, 'pending', 1, NULL, '2024-01-01 22:15:00', NULL, 'Auto generated case'),
(268, 'P0268', 'urgent', 'ER-102', 'OR-201', 12, 'pending', 1, NULL, '2024-01-01 22:20:00', NULL, 'Auto generated case'),
(269, 'P0269', 'normal', 'ER-102', 'ER-101', 13, 'pending', 1, NULL, '2024-01-01 22:25:00', NULL, 'Auto generated case'),
(270, 'P0270', 'urgent', 'ER-101', 'XRAY-03', 13, 'pending', 3, NULL, '2024-01-01 22:30:00', NULL, 'Auto generated case'),
(271, 'P0271', 'normal', 'ER-102', 'XRAY-03', 1, 'pending', 1, NULL, '2024-01-01 22:35:00', NULL, 'Auto generated case'),
(272, 'P0272', 'urgent', 'ICU-301', 'ICU-302', 13, 'pending', 3, NULL, '2024-01-01 22:40:00', NULL, 'Auto generated case'),
(273, 'P0273', 'normal', 'XRAY-03', 'OR-201', 4, 'pending', 3, NULL, '2024-01-01 22:45:00', NULL, 'Auto generated case'),
(274, 'P0274', 'normal', 'ER-101', 'WARD-15', 5, 'pending', 1, NULL, '2024-01-01 22:50:00', NULL, 'Auto generated case'),
(275, 'P0275', 'normal', 'XRAY-03', 'WARD-15', 12, 'pending', 1, NULL, '2024-01-01 22:55:00', NULL, 'Auto generated case'),
(276, 'P0276', 'normal', 'ER-101', 'ER-102', 14, 'pending', 1, NULL, '2024-01-01 23:00:00', NULL, 'Auto generated case'),
(277, 'P0277', 'normal', 'OR-201', 'ICU-302', 7, 'pending', 3, NULL, '2024-01-01 23:05:00', NULL, 'Auto generated case'),
(278, 'P0278', 'urgent', 'XRAY-03', 'ER-102', 13, 'pending', 3, NULL, '2024-01-01 23:10:00', NULL, 'Auto generated case'),
(279, 'P0279', 'urgent', 'ER-101', 'XRAY-03', 2, 'pending', 1, NULL, '2024-01-01 23:15:00', NULL, 'Auto generated case'),
(280, 'P0280', 'urgent', 'ER-101', 'WARD-15', 6, 'pending', 3, NULL, '2024-01-01 23:20:00', NULL, 'Auto generated case'),
(281, 'P0281', 'urgent', 'ER-102', 'ICU-302', 8, 'pending', 3, NULL, '2024-01-01 23:25:00', NULL, 'Auto generated case'),
(282, 'P0282', 'normal', 'WARD-15', 'ICU-301', 3, 'pending', 3, NULL, '2024-01-01 23:30:00', NULL, 'Auto generated case'),
(283, 'P0283', 'normal', 'XRAY-03', 'ER-101', 6, 'pending', 3, NULL, '2024-01-01 23:35:00', NULL, 'Auto generated case'),
(284, 'P0284', 'urgent', 'WARD-15', 'OR-201', 10, 'pending', 1, NULL, '2024-01-01 23:40:00', NULL, 'Auto generated case'),
(285, 'P0285', 'normal', 'XRAY-03', 'ICU-302', 8, 'pending', 1, NULL, '2024-01-01 23:45:00', NULL, 'Auto generated case'),
(286, 'P0286', 'normal', 'ICU-302', 'WARD-15', 15, 'pending', 1, NULL, '2024-01-01 23:50:00', NULL, 'Auto generated case'),
(287, 'P0287', 'normal', 'WARD-15', 'XRAY-03', 2, 'pending', 3, NULL, '2024-01-01 23:55:00', NULL, 'Auto generated case'),
(288, 'P0288', 'urgent', 'OR-201', 'WARD-15', 4, 'pending', 1, NULL, '2024-01-02 00:00:00', NULL, 'Auto generated case'),
(289, 'P0289', 'urgent', 'ER-102', 'WARD-12', 5, 'pending', 1, NULL, '2024-01-02 00:05:00', NULL, 'Auto generated case'),
(290, 'P0290', 'urgent', 'WARD-12', 'ICU-302', 4, 'pending', 1, NULL, '2024-01-02 00:10:00', NULL, 'Auto generated case'),
(291, 'P0291', 'normal', 'ER-101', 'XRAY-03', 3, 'pending', 3, NULL, '2024-01-02 00:15:00', NULL, 'Auto generated case'),
(292, 'P0292', 'urgent', 'ER-101', 'XRAY-03', 12, 'pending', 3, NULL, '2024-01-02 00:20:00', NULL, 'Auto generated case'),
(293, 'P0293', 'normal', 'ER-101', 'ICU-301', 13, 'pending', 1, NULL, '2024-01-02 00:25:00', NULL, 'Auto generated case'),
(294, 'P0294', 'urgent', 'ICU-302', 'WARD-12', 9, 'pending', 1, NULL, '2024-01-02 00:30:00', NULL, 'Auto generated case'),
(295, 'P0295', 'urgent', 'XRAY-03', 'OR-201', 15, 'pending', 1, NULL, '2024-01-02 00:35:00', NULL, 'Auto generated case'),
(296, 'P0296', 'normal', 'ICU-301', 'OPD-05', 15, 'pending', 3, NULL, '2024-01-02 00:40:00', NULL, 'Auto generated case'),
(297, 'P0297', 'urgent', 'ER-101', 'OPD-05', 1, 'pending', 1, NULL, '2024-01-02 00:45:00', NULL, 'Auto generated case'),
(298, 'P0298', 'urgent', 'ICU-302', 'ER-102', 9, 'pending', 3, NULL, '2024-01-02 00:50:00', NULL, 'Auto generated case'),
(299, 'P0299', 'urgent', 'OR-201', 'ICU-302', 2, 'pending', 3, NULL, '2024-01-02 00:55:00', NULL, 'Auto generated case'),
(300, 'P0300', 'normal', 'ER-101', 'WARD-15', 12, 'pending', 3, NULL, '2024-01-02 01:00:00', NULL, 'Auto generated case'),
(301, 'P0301', 'normal', 'OPD-05', 'WARD-12', 15, 'pending', 1, NULL, '2024-01-02 01:05:00', NULL, 'Auto generated case'),
(302, 'P0302', 'urgent', 'ER-101', 'ICU-302', 3, 'pending', 3, NULL, '2024-01-02 01:10:00', NULL, 'Auto generated case'),
(303, 'P0303', 'normal', 'WARD-12', 'OR-201', 11, 'pending', 3, NULL, '2024-01-02 01:15:00', NULL, 'Auto generated case'),
(304, 'P0304', 'normal', 'XRAY-03', 'WARD-12', 7, 'pending', 3, NULL, '2024-01-02 01:20:00', NULL, 'Auto generated case'),
(305, 'P0305', 'normal', 'OPD-05', 'ICU-302', 2, 'pending', 1, NULL, '2024-01-02 01:25:00', NULL, 'Auto generated case'),
(306, 'P0306', 'urgent', 'XRAY-03', 'WARD-12', 7, 'pending', 3, NULL, '2024-01-02 01:30:00', NULL, 'Auto generated case'),
(307, 'P0307', 'normal', 'ER-102', 'ER-101', 5, 'pending', 1, NULL, '2024-01-02 01:35:00', NULL, 'Auto generated case'),
(308, 'P0308', 'urgent', 'ICU-301', 'OR-201', 15, 'pending', 3, NULL, '2024-01-02 01:40:00', NULL, 'Auto generated case'),
(309, 'P0309', 'urgent', 'OPD-05', 'WARD-12', 6, 'pending', 3, NULL, '2024-01-02 01:45:00', NULL, 'Auto generated case'),
(310, 'P0310', 'normal', 'ICU-302', 'OR-201', 1, 'pending', 3, NULL, '2024-01-02 01:50:00', NULL, 'Auto generated case'),
(311, 'P0311', 'normal', 'WARD-15', 'ER-102', 7, 'pending', 1, NULL, '2024-01-02 01:55:00', NULL, 'Auto generated case'),
(312, 'P0312', 'urgent', 'WARD-15', 'ICU-302', 8, 'pending', 3, NULL, '2024-01-02 02:00:00', NULL, 'Auto generated case'),
(313, 'P0313', 'urgent', 'ER-101', 'OPD-05', 14, 'pending', 1, NULL, '2024-01-02 02:05:00', NULL, 'Auto generated case'),
(314, 'P0314', 'normal', 'ER-101', 'ER-102', 10, 'pending', 1, NULL, '2024-01-02 02:10:00', NULL, 'Auto generated case'),
(315, 'P0315', 'normal', 'ER-101', 'ER-102', 14, 'pending', 3, NULL, '2024-01-02 02:15:00', NULL, 'Auto generated case'),
(316, 'P0316', 'urgent', 'ICU-302', 'OR-201', 10, 'pending', 3, NULL, '2024-01-02 02:20:00', NULL, 'Auto generated case'),
(317, 'P0317', 'urgent', 'ICU-302', 'ER-102', 9, 'pending', 3, NULL, '2024-01-02 02:25:00', NULL, 'Auto generated case'),
(318, 'P0318', 'normal', 'OR-201', 'XRAY-03', 11, 'pending', 3, NULL, '2024-01-02 02:30:00', NULL, 'Auto generated case'),
(319, 'P0319', 'urgent', 'WARD-15', 'OR-201', 12, 'pending', 3, NULL, '2024-01-02 02:35:00', NULL, 'Auto generated case'),
(320, 'P0320', 'normal', 'ER-101', 'WARD-12', 6, 'pending', 1, NULL, '2024-01-02 02:40:00', NULL, 'Auto generated case'),
(321, 'P0321', 'urgent', 'ICU-301', 'ICU-302', 3, 'pending', 3, NULL, '2024-01-02 02:45:00', NULL, 'Auto generated case'),
(322, 'P0322', 'normal', 'ER-102', 'WARD-12', 4, 'pending', 1, NULL, '2024-01-02 02:50:00', NULL, 'Auto generated case'),
(323, 'P0323', 'normal', 'ER-102', 'WARD-15', 2, 'pending', 1, NULL, '2024-01-02 02:55:00', NULL, 'Auto generated case'),
(324, 'P0324', 'normal', 'ICU-301', 'OR-201', 11, 'pending', 3, NULL, '2024-01-02 03:00:00', NULL, 'Auto generated case'),
(325, 'P0325', 'urgent', 'ICU-302', 'WARD-15', 12, 'pending', 3, NULL, '2024-01-02 03:05:00', NULL, 'Auto generated case'),
(326, 'P0326', 'urgent', 'ICU-301', 'WARD-12', 9, 'pending', 1, NULL, '2024-01-02 03:10:00', NULL, 'Auto generated case'),
(327, 'P0327', 'urgent', 'ICU-302', 'ER-102', 13, 'pending', 3, NULL, '2024-01-02 03:15:00', NULL, 'Auto generated case'),
(328, 'P0328', 'urgent', 'ICU-302', 'ER-102', 10, 'pending', 3, NULL, '2024-01-02 03:20:00', NULL, 'Auto generated case'),
(329, 'P0329', 'urgent', 'WARD-12', 'XRAY-03', 4, 'pending', 3, NULL, '2024-01-02 03:25:00', NULL, 'Auto generated case'),
(330, 'P0330', 'urgent', 'ER-102', 'WARD-15', 13, 'pending', 1, NULL, '2024-01-02 03:30:00', NULL, 'Auto generated case'),
(331, 'P0331', 'urgent', 'OPD-05', 'ER-102', 5, 'pending', 3, NULL, '2024-01-02 03:35:00', NULL, 'Auto generated case'),
(332, 'P0332', 'urgent', 'ICU-302', 'ER-101', 10, 'pending', 3, NULL, '2024-01-02 03:40:00', NULL, 'Auto generated case'),
(333, 'P0333', 'urgent', 'OR-201', 'OPD-05', 6, 'pending', 1, NULL, '2024-01-02 03:45:00', NULL, 'Auto generated case'),
(334, 'P0334', 'normal', 'OR-201', 'ER-101', 2, 'pending', 3, NULL, '2024-01-02 03:50:00', NULL, 'Auto generated case'),
(335, 'P0335', 'normal', 'WARD-12', 'XRAY-03', 4, 'pending', 1, NULL, '2024-01-02 03:55:00', NULL, 'Auto generated case'),
(336, 'P0336', 'normal', 'OPD-05', 'ICU-302', 14, 'pending', 1, NULL, '2024-01-02 04:00:00', NULL, 'Auto generated case'),
(337, 'P0337', 'urgent', 'WARD-12', 'OPD-05', 6, 'pending', 1, NULL, '2024-01-02 04:05:00', NULL, 'Auto generated case'),
(338, 'P0338', 'normal', 'ICU-302', 'OR-201', 15, 'pending', 3, NULL, '2024-01-02 04:10:00', NULL, 'Auto generated case'),
(339, 'P0339', 'normal', 'OR-201', 'ER-101', 1, 'pending', 1, NULL, '2024-01-02 04:15:00', NULL, 'Auto generated case'),
(340, 'P0340', 'urgent', 'ER-101', 'XRAY-03', 12, 'pending', 3, NULL, '2024-01-02 04:20:00', NULL, 'Auto generated case'),
(341, 'P0341', 'normal', 'ER-102', 'ER-101', 10, 'pending', 1, NULL, '2024-01-02 04:25:00', NULL, 'Auto generated case'),
(342, 'P0342', 'urgent', 'ER-102', 'ER-101', 6, 'pending', 3, NULL, '2024-01-02 04:30:00', NULL, 'Auto generated case'),
(343, 'P0343', 'normal', 'OPD-05', 'ER-102', 5, 'pending', 3, NULL, '2024-01-02 04:35:00', NULL, 'Auto generated case'),
(344, 'P0344', 'normal', 'WARD-15', 'ER-102', 9, 'pending', 3, NULL, '2024-01-02 04:40:00', NULL, 'Auto generated case'),
(345, 'P0345', 'normal', 'WARD-15', 'WARD-12', 6, 'pending', 1, NULL, '2024-01-02 04:45:00', NULL, 'Auto generated case'),
(346, 'P0346', 'urgent', 'ICU-302', 'ER-102', 9, 'pending', 1, NULL, '2024-01-02 04:50:00', NULL, 'Auto generated case'),
(347, 'P0347', 'normal', 'ER-101', 'OR-201', 3, 'pending', 3, NULL, '2024-01-02 04:55:00', NULL, 'Auto generated case'),
(348, 'P0348', 'urgent', 'ER-102', 'ER-101', 12, 'pending', 3, NULL, '2024-01-02 05:00:00', NULL, 'Auto generated case'),
(349, 'P0349', 'urgent', 'ICU-301', 'ER-101', 4, 'pending', 1, NULL, '2024-01-02 05:05:00', NULL, 'Auto generated case'),
(350, 'P0350', 'urgent', 'ICU-301', 'OR-201', 8, 'pending', 1, NULL, '2024-01-02 05:10:00', NULL, 'Auto generated case'),
(351, 'P0351', 'normal', 'WARD-12', 'ICU-301', 8, 'pending', 3, NULL, '2024-01-02 05:15:00', NULL, 'Auto generated case'),
(352, 'P0352', 'urgent', 'ICU-301', 'XRAY-03', 15, 'pending', 1, NULL, '2024-01-02 05:20:00', NULL, 'Auto generated case'),
(353, 'P0353', 'urgent', 'ICU-301', 'WARD-12', 3, 'pending', 3, NULL, '2024-01-02 05:25:00', NULL, 'Auto generated case'),
(354, 'P0354', 'normal', 'ER-102', 'WARD-12', 6, 'pending', 3, NULL, '2024-01-02 05:30:00', NULL, 'Auto generated case'),
(355, 'P0355', 'normal', 'OPD-05', 'ICU-302', 13, 'pending', 1, NULL, '2024-01-02 05:35:00', NULL, 'Auto generated case'),
(356, 'P0356', 'urgent', 'WARD-12', 'OR-201', 7, 'pending', 3, NULL, '2024-01-02 05:40:00', NULL, 'Auto generated case'),
(357, 'P0357', 'normal', 'ER-101', 'OPD-05', 12, 'pending', 3, NULL, '2024-01-02 05:45:00', NULL, 'Auto generated case'),
(358, 'P0358', 'normal', 'ER-101', 'WARD-15', 1, 'pending', 3, NULL, '2024-01-02 05:50:00', NULL, 'Auto generated case'),
(359, 'P0359', 'normal', 'ER-102', 'OR-201', 15, 'pending', 3, NULL, '2024-01-02 05:55:00', NULL, 'Auto generated case'),
(360, 'P0360', 'normal', 'XRAY-03', 'ICU-301', 14, 'pending', 3, NULL, '2024-01-02 06:00:00', NULL, 'Auto generated case'),
(361, 'P0361', 'normal', 'XRAY-03', 'WARD-15', 3, 'pending', 1, NULL, '2024-01-02 06:05:00', NULL, 'Auto generated case'),
(362, 'P0362', 'normal', 'ICU-301', 'XRAY-03', 3, 'pending', 1, NULL, '2024-01-02 06:10:00', NULL, 'Auto generated case'),
(363, 'P0363', 'normal', 'XRAY-03', 'ER-101', 4, 'pending', 1, NULL, '2024-01-02 06:15:00', NULL, 'Auto generated case'),
(364, 'P0364', 'normal', 'ICU-301', 'OR-201', 3, 'pending', 3, NULL, '2024-01-02 06:20:00', NULL, 'Auto generated case'),
(365, 'P0365', 'normal', 'ICU-302', 'ER-101', 6, 'pending', 3, NULL, '2024-01-02 06:25:00', NULL, 'Auto generated case'),
(366, 'P0366', 'urgent', 'ER-102', 'ICU-301', 3, 'pending', 1, NULL, '2024-01-02 06:30:00', NULL, 'Auto generated case'),
(367, 'P0367', 'normal', 'OR-201', 'ER-102', 7, 'pending', 3, NULL, '2024-01-02 06:35:00', NULL, 'Auto generated case'),
(368, 'P0368', 'urgent', 'OR-201', 'OPD-05', 1, 'pending', 1, NULL, '2024-01-02 06:40:00', NULL, 'Auto generated case'),
(369, 'P0369', 'urgent', 'ICU-302', 'OR-201', 1, 'pending', 1, NULL, '2024-01-02 06:45:00', NULL, 'Auto generated case'),
(370, 'P0370', 'normal', 'ER-102', 'XRAY-03', 5, 'pending', 3, NULL, '2024-01-02 06:50:00', NULL, 'Auto generated case'),
(371, 'P0371', 'urgent', 'ER-102', 'XRAY-03', 3, 'pending', 1, NULL, '2024-01-02 06:55:00', NULL, 'Auto generated case'),
(372, 'P0372', 'urgent', 'ICU-302', 'ICU-301', 12, 'pending', 3, NULL, '2024-01-02 07:00:00', NULL, 'Auto generated case'),
(373, 'P0373', 'urgent', 'WARD-12', 'ER-101', 15, 'pending', 3, NULL, '2024-01-02 07:05:00', NULL, 'Auto generated case'),
(374, 'P0374', 'urgent', 'ER-102', 'ER-101', 9, 'pending', 3, NULL, '2024-01-02 07:10:00', NULL, 'Auto generated case'),
(375, 'P0375', 'urgent', 'OPD-05', 'XRAY-03', 4, 'pending', 3, NULL, '2024-01-02 07:15:00', NULL, 'Auto generated case'),
(376, 'P0376', 'normal', 'XRAY-03', 'ICU-301', 8, 'pending', 1, NULL, '2024-01-02 07:20:00', NULL, 'Auto generated case'),
(377, 'P0377', 'urgent', 'ICU-302', 'OPD-05', 15, 'pending', 1, NULL, '2024-01-02 07:25:00', NULL, 'Auto generated case'),
(378, 'P0378', 'urgent', 'ER-101', 'OR-201', 4, 'pending', 3, NULL, '2024-01-02 07:30:00', NULL, 'Auto generated case'),
(379, 'P0379', 'normal', 'ICU-301', 'OR-201', 12, 'pending', 3, NULL, '2024-01-02 07:35:00', NULL, 'Auto generated case'),
(380, 'P0380', 'normal', 'XRAY-03', 'ER-101', 12, 'pending', 1, NULL, '2024-01-02 07:40:00', NULL, 'Auto generated case'),
(381, 'P0381', 'urgent', 'OR-201', 'WARD-12', 14, 'pending', 1, NULL, '2024-01-02 07:45:00', NULL, 'Auto generated case'),
(382, 'P0382', 'urgent', 'XRAY-03', 'ICU-302', 13, 'pending', 1, NULL, '2024-01-02 07:50:00', NULL, 'Auto generated case'),
(383, 'P0383', 'urgent', 'OPD-05', 'ICU-301', 1, 'pending', 3, NULL, '2024-01-02 07:55:00', NULL, 'Auto generated case'),
(384, 'P0384', 'normal', 'ICU-301', 'ER-102', 3, 'pending', 1, NULL, '2024-01-02 08:00:00', NULL, 'Auto generated case'),
(385, 'P0385', 'urgent', 'WARD-15', 'ER-102', 3, 'pending', 3, NULL, '2024-01-02 08:05:00', NULL, 'Auto generated case'),
(386, 'P0386', 'urgent', 'WARD-15', 'ICU-301', 13, 'pending', 1, NULL, '2024-01-02 08:10:00', NULL, 'Auto generated case'),
(387, 'P0387', 'normal', 'ICU-302', 'OR-201', 12, 'pending', 1, NULL, '2024-01-02 08:15:00', NULL, 'Auto generated case'),
(388, 'P0388', 'normal', 'ICU-301', 'WARD-15', 11, 'pending', 1, NULL, '2024-01-02 08:20:00', NULL, 'Auto generated case'),
(389, 'P0389', 'normal', 'WARD-15', 'XRAY-03', 14, 'pending', 1, NULL, '2024-01-02 08:25:00', NULL, 'Auto generated case'),
(390, 'P0390', 'normal', 'WARD-12', 'ER-101', 15, 'pending', 3, NULL, '2024-01-02 08:30:00', NULL, 'Auto generated case'),
(391, 'P0391', 'urgent', 'ICU-301', 'ICU-302', 11, 'pending', 3, NULL, '2024-01-02 08:35:00', NULL, 'Auto generated case'),
(392, 'P0392', 'normal', 'OPD-05', 'ICU-301', 1, 'pending', 1, NULL, '2024-01-02 08:40:00', NULL, 'Auto generated case'),
(393, 'P0393', 'normal', 'WARD-12', 'ER-101', 6, 'pending', 1, NULL, '2024-01-02 08:45:00', NULL, 'Auto generated case'),
(394, 'P0394', 'normal', 'ICU-302', 'XRAY-03', 5, 'pending', 1, NULL, '2024-01-02 08:50:00', NULL, 'Auto generated case'),
(395, 'P0395', 'normal', 'ICU-302', 'OPD-05', 15, 'pending', 1, NULL, '2024-01-02 08:55:00', NULL, 'Auto generated case'),
(396, 'P0396', 'urgent', 'OR-201', 'WARD-12', 9, 'pending', 1, NULL, '2024-01-02 09:00:00', NULL, 'Auto generated case'),
(397, 'P0397', 'urgent', 'WARD-12', 'WARD-15', 1, 'pending', 3, NULL, '2024-01-02 09:05:00', NULL, 'Auto generated case'),
(398, 'P0398', 'urgent', 'WARD-15', 'OR-201', 5, 'pending', 1, NULL, '2024-01-02 09:10:00', NULL, 'Auto generated case'),
(399, 'P0399', 'normal', 'WARD-12', 'XRAY-03', 15, 'pending', 3, NULL, '2024-01-02 09:15:00', NULL, 'Auto generated case'),
(400, 'P0400', 'normal', 'OR-201', 'WARD-15', 6, 'pending', 3, NULL, '2024-01-02 09:20:00', NULL, 'Auto generated case'),
(401, 'P0401', 'urgent', 'XRAY-03', 'ER-102', 4, 'pending', 1, NULL, '2024-01-02 09:25:00', NULL, 'Auto generated case'),
(402, 'P0402', 'normal', 'ICU-302', 'ICU-301', 2, 'pending', 1, NULL, '2024-01-02 09:30:00', NULL, 'Auto generated case'),
(403, 'P0403', 'urgent', 'WARD-12', 'WARD-15', 5, 'pending', 1, NULL, '2024-01-02 09:35:00', NULL, 'Auto generated case'),
(404, 'P0404', 'normal', 'ICU-301', 'XRAY-03', 11, 'pending', 3, NULL, '2024-01-02 09:40:00', NULL, 'Auto generated case'),
(405, 'P0405', 'urgent', 'ICU-302', 'WARD-15', 5, 'pending', 3, NULL, '2024-01-02 09:45:00', NULL, 'Auto generated case'),
(406, 'P0406', 'normal', 'XRAY-03', 'ER-102', 7, 'pending', 3, NULL, '2024-01-02 09:50:00', NULL, 'Auto generated case'),
(407, 'P0407', 'normal', 'WARD-15', 'OPD-05', 13, 'pending', 1, NULL, '2024-01-02 09:55:00', NULL, 'Auto generated case'),
(408, 'P0408', 'normal', 'WARD-12', 'ICU-301', 15, 'pending', 3, NULL, '2024-01-02 10:00:00', NULL, 'Auto generated case'),
(409, 'P0409', 'normal', 'OR-201', 'ER-101', 9, 'pending', 3, NULL, '2024-01-02 10:05:00', NULL, 'Auto generated case'),
(410, 'P0410', 'normal', 'WARD-15', 'WARD-12', 3, 'pending', 1, NULL, '2024-01-02 10:10:00', NULL, 'Auto generated case'),
(411, 'P0411', 'normal', 'WARD-15', 'XRAY-03', 10, 'pending', 1, NULL, '2024-01-02 10:15:00', NULL, 'Auto generated case'),
(412, 'P0412', 'urgent', 'ICU-301', 'WARD-12', 1, 'pending', 1, NULL, '2024-01-02 10:20:00', NULL, 'Auto generated case'),
(413, 'P0413', 'normal', 'ICU-302', 'WARD-12', 5, 'pending', 3, NULL, '2024-01-02 10:25:00', NULL, 'Auto generated case'),
(414, 'P0414', 'normal', 'ER-102', 'ICU-302', 6, 'pending', 3, NULL, '2024-01-02 10:30:00', NULL, 'Auto generated case');
INSERT INTO `cases` (`case_id`, `case_patient_id`, `case_patient_type`, `case_room_from`, `case_room_to`, `str_type_id`, `case_status`, `case_requested_by`, `case_assigned_porter`, `case_created_at`, `case_completed_at`, `case_notes`) VALUES
(415, 'P0415', 'urgent', 'ER-101', 'WARD-15', 3, 'pending', 3, NULL, '2024-01-02 10:35:00', NULL, 'Auto generated case'),
(416, 'P0416', 'normal', 'ER-101', 'ER-102', 3, 'pending', 3, NULL, '2024-01-02 10:40:00', NULL, 'Auto generated case'),
(417, 'P0417', 'urgent', 'ICU-301', 'OPD-05', 4, 'pending', 3, NULL, '2024-01-02 10:45:00', NULL, 'Auto generated case'),
(418, 'P0418', 'urgent', 'ICU-301', 'OPD-05', 7, 'pending', 3, NULL, '2024-01-02 10:50:00', NULL, 'Auto generated case'),
(419, 'P0419', 'normal', 'XRAY-03', 'ER-102', 14, 'pending', 1, NULL, '2024-01-02 10:55:00', NULL, 'Auto generated case'),
(420, 'P0420', 'urgent', 'ICU-301', 'ER-102', 3, 'pending', 3, NULL, '2024-01-02 11:00:00', NULL, 'Auto generated case'),
(421, 'P0421', 'urgent', 'ICU-302', 'OPD-05', 10, 'pending', 1, NULL, '2024-01-02 11:05:00', NULL, 'Auto generated case'),
(422, 'P0422', 'normal', 'XRAY-03', 'ICU-302', 5, 'pending', 3, NULL, '2024-01-02 11:10:00', NULL, 'Auto generated case'),
(423, 'P0423', 'normal', 'ICU-302', 'ICU-301', 4, 'pending', 1, NULL, '2024-01-02 11:15:00', NULL, 'Auto generated case'),
(424, 'P0424', 'urgent', 'ICU-302', 'OPD-05', 2, 'pending', 1, NULL, '2024-01-02 11:20:00', NULL, 'Auto generated case'),
(425, 'P0425', 'normal', 'WARD-12', 'XRAY-03', 3, 'pending', 3, NULL, '2024-01-02 11:25:00', NULL, 'Auto generated case'),
(426, 'P0426', 'urgent', 'ICU-302', 'WARD-12', 12, 'pending', 1, NULL, '2024-01-02 11:30:00', NULL, 'Auto generated case'),
(427, 'P0427', 'urgent', 'WARD-12', 'XRAY-03', 13, 'pending', 3, NULL, '2024-01-02 11:35:00', NULL, 'Auto generated case'),
(428, 'P0428', 'urgent', 'ICU-302', 'ER-101', 6, 'pending', 1, NULL, '2024-01-02 11:40:00', NULL, 'Auto generated case'),
(429, 'P0429', 'urgent', 'ICU-301', 'OR-201', 8, 'pending', 3, NULL, '2024-01-02 11:45:00', NULL, 'Auto generated case'),
(430, 'P0430', 'urgent', 'ER-101', 'XRAY-03', 13, 'pending', 1, NULL, '2024-01-02 11:50:00', NULL, 'Auto generated case'),
(431, 'P0431', 'urgent', 'OPD-05', 'ER-102', 2, 'pending', 1, NULL, '2024-01-02 11:55:00', NULL, 'Auto generated case'),
(432, 'P0432', 'urgent', 'ICU-301', 'ICU-302', 8, 'pending', 1, NULL, '2024-01-02 12:00:00', NULL, 'Auto generated case'),
(433, 'P0433', 'normal', 'ICU-301', 'WARD-12', 9, 'pending', 1, NULL, '2024-01-02 12:05:00', NULL, 'Auto generated case'),
(434, 'P0434', 'normal', 'ICU-301', 'WARD-15', 3, 'pending', 3, NULL, '2024-01-02 12:10:00', NULL, 'Auto generated case'),
(435, 'P0435', 'urgent', 'OPD-05', 'OR-201', 8, 'pending', 3, NULL, '2024-01-02 12:15:00', NULL, 'Auto generated case'),
(436, 'P0436', 'urgent', 'XRAY-03', 'WARD-12', 1, 'pending', 3, NULL, '2024-01-02 12:20:00', NULL, 'Auto generated case'),
(437, 'P0437', 'normal', 'ER-101', 'OPD-05', 13, 'pending', 1, NULL, '2024-01-02 12:25:00', NULL, 'Auto generated case'),
(438, 'P0438', 'urgent', 'ER-102', 'WARD-12', 15, 'pending', 3, NULL, '2024-01-02 12:30:00', NULL, 'Auto generated case'),
(439, 'P0439', 'urgent', 'OPD-05', 'OR-201', 4, 'pending', 1, NULL, '2024-01-02 12:35:00', NULL, 'Auto generated case'),
(440, 'P0440', 'urgent', 'WARD-12', 'OPD-05', 11, 'pending', 1, NULL, '2024-01-02 12:40:00', NULL, 'Auto generated case'),
(441, 'P0441', 'normal', 'WARD-12', 'ICU-301', 4, 'pending', 3, NULL, '2024-01-02 12:45:00', NULL, 'Auto generated case'),
(442, 'P0442', 'urgent', 'WARD-12', 'XRAY-03', 14, 'pending', 3, NULL, '2024-01-02 12:50:00', NULL, 'Auto generated case'),
(443, 'P0443', 'normal', 'OPD-05', 'XRAY-03', 14, 'pending', 3, NULL, '2024-01-02 12:55:00', NULL, 'Auto generated case'),
(444, 'P0444', 'normal', 'OPD-05', 'ER-102', 10, 'pending', 1, NULL, '2024-01-02 13:00:00', NULL, 'Auto generated case'),
(445, 'P0445', 'urgent', 'ICU-302', 'ER-101', 15, 'pending', 3, NULL, '2024-01-02 13:05:00', NULL, 'Auto generated case'),
(446, 'P0446', 'normal', 'WARD-12', 'OR-201', 10, 'pending', 3, NULL, '2024-01-02 13:10:00', NULL, 'Auto generated case'),
(447, 'P0447', 'normal', 'WARD-12', 'ER-102', 7, 'pending', 3, NULL, '2024-01-02 13:15:00', NULL, 'Auto generated case'),
(448, 'P0448', 'urgent', 'ER-101', 'OPD-05', 2, 'pending', 3, NULL, '2024-01-02 13:20:00', NULL, 'Auto generated case'),
(449, 'P0449', 'normal', 'XRAY-03', 'WARD-12', 8, 'pending', 3, NULL, '2024-01-02 13:25:00', NULL, 'Auto generated case'),
(450, 'P0450', 'normal', 'WARD-15', 'XRAY-03', 8, 'pending', 1, NULL, '2024-01-02 13:30:00', NULL, 'Auto generated case'),
(451, 'P0451', 'urgent', 'WARD-12', 'OPD-05', 5, 'pending', 1, NULL, '2024-01-02 13:35:00', NULL, 'Auto generated case'),
(452, 'P0452', 'normal', 'OR-201', 'ICU-301', 2, 'pending', 3, NULL, '2024-01-02 13:40:00', NULL, 'Auto generated case'),
(453, 'P0453', 'normal', 'WARD-15', 'OPD-05', 7, 'pending', 1, NULL, '2024-01-02 13:45:00', NULL, 'Auto generated case'),
(454, 'P0454', 'normal', 'OR-201', 'ICU-301', 6, 'pending', 3, NULL, '2024-01-02 13:50:00', NULL, 'Auto generated case'),
(455, 'P0455', 'urgent', 'ER-102', 'OPD-05', 4, 'pending', 1, NULL, '2024-01-02 13:55:00', NULL, 'Auto generated case'),
(456, 'P0456', 'normal', 'ICU-301', 'ER-102', 14, 'pending', 3, NULL, '2024-01-02 14:00:00', NULL, 'Auto generated case'),
(457, 'P0457', 'normal', 'WARD-12', 'WARD-15', 11, 'pending', 1, NULL, '2024-01-02 14:05:00', NULL, 'Auto generated case'),
(458, 'P0458', 'normal', 'ER-102', 'WARD-12', 8, 'pending', 3, NULL, '2024-01-02 14:10:00', NULL, 'Auto generated case'),
(459, 'P0459', 'urgent', 'OR-201', 'WARD-15', 3, 'pending', 3, NULL, '2024-01-02 14:15:00', NULL, 'Auto generated case'),
(460, 'P0460', 'urgent', 'WARD-15', 'XRAY-03', 6, 'pending', 3, NULL, '2024-01-02 14:20:00', NULL, 'Auto generated case'),
(461, 'P0461', 'normal', 'WARD-12', 'OR-201', 10, 'pending', 1, NULL, '2024-01-02 14:25:00', NULL, 'Auto generated case'),
(462, 'P0462', 'urgent', 'OR-201', 'OPD-05', 13, 'pending', 3, NULL, '2024-01-02 14:30:00', NULL, 'Auto generated case'),
(463, 'P0463', 'urgent', 'XRAY-03', 'ICU-302', 9, 'pending', 3, NULL, '2024-01-02 14:35:00', NULL, 'Auto generated case'),
(464, 'P0464', 'normal', 'OPD-05', 'ER-101', 11, 'pending', 1, NULL, '2024-01-02 14:40:00', NULL, 'Auto generated case'),
(465, 'P0465', 'normal', 'WARD-12', 'ER-101', 4, 'pending', 3, NULL, '2024-01-02 14:45:00', NULL, 'Auto generated case'),
(466, 'P0466', 'normal', 'ER-102', 'WARD-15', 6, 'pending', 1, NULL, '2024-01-02 14:50:00', NULL, 'Auto generated case'),
(467, 'P0467', 'urgent', 'OPD-05', 'ICU-301', 3, 'pending', 1, NULL, '2024-01-02 14:55:00', NULL, 'Auto generated case'),
(468, 'P0468', 'urgent', 'ER-102', 'ER-101', 9, 'pending', 3, NULL, '2024-01-02 15:00:00', NULL, 'Auto generated case'),
(469, 'P0469', 'urgent', 'XRAY-03', 'WARD-12', 7, 'pending', 3, NULL, '2024-01-02 15:05:00', NULL, 'Auto generated case'),
(470, 'P0470', 'urgent', 'WARD-15', 'WARD-12', 1, 'pending', 1, NULL, '2024-01-02 15:10:00', NULL, 'Auto generated case'),
(471, 'P0471', 'normal', 'OPD-05', 'XRAY-03', 4, 'pending', 1, NULL, '2024-01-02 15:15:00', NULL, 'Auto generated case'),
(472, 'P0472', 'urgent', 'ICU-302', 'WARD-15', 6, 'pending', 3, NULL, '2024-01-02 15:20:00', NULL, 'Auto generated case'),
(473, 'P0473', 'normal', 'ER-101', 'OR-201', 13, 'pending', 3, NULL, '2024-01-02 15:25:00', NULL, 'Auto generated case'),
(474, 'P0474', 'normal', 'ICU-302', 'ICU-301', 1, 'pending', 1, NULL, '2024-01-02 15:30:00', NULL, 'Auto generated case'),
(475, 'P0475', 'normal', 'ICU-302', 'ER-102', 1, 'pending', 1, NULL, '2024-01-02 15:35:00', NULL, 'Auto generated case'),
(476, 'P0476', 'normal', 'XRAY-03', 'ER-101', 2, 'pending', 3, NULL, '2024-01-02 15:40:00', NULL, 'Auto generated case'),
(477, 'P0477', 'urgent', 'XRAY-03', 'WARD-15', 8, 'pending', 1, NULL, '2024-01-02 15:45:00', NULL, 'Auto generated case'),
(478, 'P0478', 'urgent', 'ER-101', 'ICU-301', 3, 'pending', 3, NULL, '2024-01-02 15:50:00', NULL, 'Auto generated case'),
(479, 'P0479', 'normal', 'ICU-302', 'ICU-301', 10, 'pending', 3, NULL, '2024-01-02 15:55:00', NULL, 'Auto generated case'),
(480, 'P0480', 'urgent', 'ICU-302', 'WARD-15', 9, 'pending', 3, NULL, '2024-01-02 16:00:00', NULL, 'Auto generated case'),
(481, 'P0481', 'normal', 'ICU-302', 'ER-101', 4, 'pending', 1, NULL, '2024-01-02 16:05:00', NULL, 'Auto generated case'),
(482, 'P0482', 'urgent', 'WARD-12', 'ER-101', 1, 'pending', 3, NULL, '2024-01-02 16:10:00', NULL, 'Auto generated case'),
(483, 'P0483', 'urgent', 'XRAY-03', 'ICU-301', 6, 'pending', 1, NULL, '2024-01-02 16:15:00', NULL, 'Auto generated case'),
(484, 'P0484', 'normal', 'ICU-302', 'WARD-15', 1, 'pending', 3, NULL, '2024-01-02 16:20:00', NULL, 'Auto generated case'),
(485, 'P0485', 'normal', 'ER-101', 'ICU-301', 4, 'pending', 1, NULL, '2024-01-02 16:25:00', NULL, 'Auto generated case'),
(486, 'P0486', 'urgent', 'XRAY-03', 'ER-101', 12, 'pending', 3, NULL, '2024-01-02 16:30:00', NULL, 'Auto generated case'),
(487, 'P0487', 'normal', 'WARD-15', 'OPD-05', 3, 'pending', 3, NULL, '2024-01-02 16:35:00', NULL, 'Auto generated case'),
(488, 'P0488', 'normal', 'WARD-15', 'XRAY-03', 4, 'pending', 1, NULL, '2024-01-02 16:40:00', NULL, 'Auto generated case'),
(489, 'P0489', 'normal', 'OPD-05', 'OR-201', 8, 'pending', 3, NULL, '2024-01-02 16:45:00', NULL, 'Auto generated case'),
(490, 'P0490', 'normal', 'ICU-302', 'ICU-301', 12, 'pending', 3, NULL, '2024-01-02 16:50:00', NULL, 'Auto generated case'),
(491, 'P0491', 'urgent', 'WARD-15', 'WARD-12', 9, 'pending', 3, NULL, '2024-01-02 16:55:00', NULL, 'Auto generated case'),
(492, 'P0492', 'normal', 'XRAY-03', 'ER-101', 10, 'pending', 1, NULL, '2024-01-02 17:00:00', NULL, 'Auto generated case'),
(493, 'P0493', 'urgent', 'XRAY-03', 'OPD-05', 13, 'pending', 1, NULL, '2024-01-02 17:05:00', NULL, 'Auto generated case'),
(494, 'P0494', 'normal', 'ICU-301', 'XRAY-03', 15, 'pending', 3, NULL, '2024-01-02 17:10:00', NULL, 'Auto generated case'),
(495, 'P0495', 'urgent', 'WARD-15', 'ER-101', 4, 'pending', 3, NULL, '2024-01-02 17:15:00', NULL, 'Auto generated case'),
(496, 'P0496', 'urgent', 'OPD-05', 'WARD-12', 15, 'pending', 1, NULL, '2024-01-02 17:20:00', NULL, 'Auto generated case'),
(497, 'P0497', 'urgent', 'WARD-12', 'ICU-301', 1, 'pending', 3, NULL, '2024-01-02 17:25:00', NULL, 'Auto generated case'),
(498, 'P0498', 'urgent', 'ER-102', 'ER-101', 7, 'pending', 1, NULL, '2024-01-02 17:30:00', NULL, 'Auto generated case'),
(499, 'P0499', 'urgent', 'XRAY-03', 'OPD-05', 11, 'pending', 3, NULL, '2024-01-02 17:35:00', NULL, 'Auto generated case'),
(500, 'P0500', 'urgent', 'ICU-301', 'XRAY-03', 14, 'pending', 1, NULL, '2024-01-02 17:40:00', NULL, 'Auto generated case'),
(501, 'P0501', 'normal', 'OR-201', 'ER-102', 6, 'pending', 3, NULL, '2024-01-02 17:45:00', NULL, 'Auto generated case'),
(502, 'P0502', 'urgent', 'WARD-15', 'ICU-301', 2, 'pending', 3, NULL, '2024-01-02 17:50:00', NULL, 'Auto generated case'),
(503, 'P0503', 'urgent', 'ER-102', 'WARD-15', 14, 'pending', 3, NULL, '2024-01-02 17:55:00', NULL, 'Auto generated case'),
(504, 'P0504', 'normal', 'OR-201', 'WARD-15', 6, 'pending', 3, NULL, '2024-01-02 18:00:00', NULL, 'Auto generated case'),
(505, 'P0505', 'normal', 'WARD-12', 'ER-101', 2, 'pending', 3, NULL, '2024-01-02 18:05:00', NULL, 'Auto generated case'),
(506, 'P0506', 'normal', 'XRAY-03', 'WARD-15', 13, 'pending', 1, NULL, '2024-01-02 18:10:00', NULL, 'Auto generated case'),
(507, 'P0507', 'normal', 'OR-201', 'ICU-302', 2, 'pending', 3, NULL, '2024-01-02 18:15:00', NULL, 'Auto generated case'),
(508, 'P0508', 'urgent', 'ER-101', 'ICU-301', 1, 'pending', 1, NULL, '2024-01-02 18:20:00', NULL, 'Auto generated case'),
(509, 'P0509', 'urgent', 'ER-102', 'ICU-301', 10, 'pending', 1, NULL, '2024-01-02 18:25:00', NULL, 'Auto generated case'),
(510, 'P0510', 'normal', 'ICU-301', 'ER-102', 8, 'pending', 3, NULL, '2024-01-02 18:30:00', NULL, 'Auto generated case'),
(511, 'P0511', 'urgent', 'OPD-05', 'ER-101', 4, 'pending', 3, NULL, '2024-01-02 18:35:00', NULL, 'Auto generated case'),
(512, 'P0512', 'urgent', 'OR-201', 'ICU-302', 1, 'pending', 1, NULL, '2024-01-02 18:40:00', NULL, 'Auto generated case'),
(513, 'P0513', 'normal', 'WARD-12', 'OPD-05', 14, 'pending', 1, NULL, '2024-01-02 18:45:00', NULL, 'Auto generated case'),
(514, 'P0514', 'urgent', 'OPD-05', 'XRAY-03', 3, 'pending', 3, NULL, '2024-01-02 18:50:00', NULL, 'Auto generated case'),
(515, 'P0515', 'normal', 'ICU-301', 'ICU-302', 5, 'pending', 1, NULL, '2024-01-02 18:55:00', NULL, 'Auto generated case'),
(516, 'P0516', 'normal', 'ER-102', 'ICU-302', 1, 'pending', 3, NULL, '2024-01-02 19:00:00', NULL, 'Auto generated case'),
(517, 'P0517', 'normal', 'OPD-05', 'XRAY-03', 11, 'pending', 3, NULL, '2024-01-02 19:05:00', NULL, 'Auto generated case'),
(518, 'P0518', 'normal', 'WARD-12', 'ICU-301', 8, 'pending', 3, NULL, '2024-01-02 19:10:00', NULL, 'Auto generated case'),
(519, 'P0519', 'urgent', 'OR-201', 'WARD-15', 12, 'pending', 3, NULL, '2024-01-02 19:15:00', NULL, 'Auto generated case'),
(520, 'P0520', 'normal', 'ICU-302', 'WARD-12', 1, 'pending', 1, NULL, '2024-01-02 19:20:00', NULL, 'Auto generated case'),
(521, 'P0521', 'urgent', 'OR-201', 'ICU-302', 3, 'pending', 3, NULL, '2024-01-02 19:25:00', NULL, 'Auto generated case'),
(522, 'P0522', 'urgent', 'ER-101', 'ER-102', 1, 'pending', 1, NULL, '2024-01-02 19:30:00', NULL, 'Auto generated case'),
(523, 'P0523', 'urgent', 'OR-201', 'ER-102', 3, 'pending', 3, NULL, '2024-01-02 19:35:00', NULL, 'Auto generated case'),
(524, 'P0524', 'normal', 'WARD-15', 'OR-201', 9, 'pending', 1, NULL, '2024-01-02 19:40:00', NULL, 'Auto generated case'),
(525, 'P0525', 'normal', 'WARD-15', 'OR-201', 3, 'pending', 1, NULL, '2024-01-02 19:45:00', NULL, 'Auto generated case'),
(526, 'P0526', 'urgent', 'OR-201', 'ICU-301', 15, 'pending', 1, NULL, '2024-01-02 19:50:00', NULL, 'Auto generated case'),
(527, 'P0527', 'normal', 'WARD-15', 'XRAY-03', 1, 'pending', 3, NULL, '2024-01-02 19:55:00', NULL, 'Auto generated case'),
(528, 'P0528', 'urgent', 'ICU-301', 'XRAY-03', 10, 'pending', 3, NULL, '2024-01-02 20:00:00', NULL, 'Auto generated case'),
(529, 'P0529', 'normal', 'WARD-15', 'OPD-05', 3, 'pending', 3, NULL, '2024-01-02 20:05:00', NULL, 'Auto generated case'),
(530, 'P0530', 'normal', 'XRAY-03', 'ICU-301', 10, 'pending', 3, NULL, '2024-01-02 20:10:00', NULL, 'Auto generated case'),
(531, 'P0531', 'normal', 'ER-101', 'ER-102', 2, 'pending', 3, NULL, '2024-01-02 20:15:00', NULL, 'Auto generated case'),
(532, 'P0532', 'normal', 'ER-101', 'WARD-15', 7, 'pending', 1, NULL, '2024-01-02 20:20:00', NULL, 'Auto generated case'),
(533, 'P0533', 'normal', 'WARD-15', 'XRAY-03', 7, 'pending', 3, NULL, '2024-01-02 20:25:00', NULL, 'Auto generated case'),
(534, 'P0534', 'urgent', 'OR-201', 'XRAY-03', 13, 'pending', 1, NULL, '2024-01-02 20:30:00', NULL, 'Auto generated case'),
(535, 'P0535', 'normal', 'XRAY-03', 'ICU-302', 1, 'pending', 3, NULL, '2024-01-02 20:35:00', NULL, 'Auto generated case'),
(536, 'P0536', 'normal', 'OPD-05', 'ICU-302', 14, 'pending', 3, NULL, '2024-01-02 20:40:00', NULL, 'Auto generated case'),
(537, 'P0537', 'normal', 'WARD-15', 'XRAY-03', 6, 'pending', 1, NULL, '2024-01-02 20:45:00', NULL, 'Auto generated case'),
(538, 'P0538', 'normal', 'OR-201', 'ER-101', 15, 'pending', 1, NULL, '2024-01-02 20:50:00', NULL, 'Auto generated case'),
(539, 'P0539', 'urgent', 'ER-102', 'OR-201', 3, 'pending', 1, NULL, '2024-01-02 20:55:00', NULL, 'Auto generated case'),
(540, 'P0540', 'urgent', 'XRAY-03', 'WARD-15', 2, 'pending', 3, NULL, '2024-01-02 21:00:00', NULL, 'Auto generated case'),
(541, 'P0541', 'normal', 'ICU-302', 'XRAY-03', 1, 'pending', 1, NULL, '2024-01-02 21:05:00', NULL, 'Auto generated case'),
(542, 'P0542', 'normal', 'ICU-301', 'WARD-15', 2, 'pending', 1, NULL, '2024-01-02 21:10:00', NULL, 'Auto generated case'),
(543, 'P0543', 'urgent', 'OR-201', 'ICU-301', 15, 'pending', 3, NULL, '2024-01-02 21:15:00', NULL, 'Auto generated case'),
(544, 'P0544', 'normal', 'OR-201', 'XRAY-03', 10, 'pending', 1, NULL, '2024-01-02 21:20:00', NULL, 'Auto generated case'),
(545, 'P0545', 'normal', 'OR-201', 'OPD-05', 8, 'pending', 3, NULL, '2024-01-02 21:25:00', NULL, 'Auto generated case'),
(546, 'P0546', 'urgent', 'ICU-302', 'ER-102', 6, 'pending', 1, NULL, '2024-01-02 21:30:00', NULL, 'Auto generated case'),
(547, 'P0547', 'urgent', 'WARD-15', 'ICU-302', 10, 'pending', 3, NULL, '2024-01-02 21:35:00', NULL, 'Auto generated case'),
(548, 'P0548', 'urgent', 'OPD-05', 'ICU-301', 10, 'pending', 1, NULL, '2024-01-02 21:40:00', NULL, 'Auto generated case'),
(549, 'P0549', 'normal', 'ICU-301', 'ICU-302', 4, 'pending', 1, NULL, '2024-01-02 21:45:00', NULL, 'Auto generated case'),
(550, 'P0550', 'urgent', 'ICU-302', 'WARD-12', 6, 'pending', 3, NULL, '2024-01-02 21:50:00', NULL, 'Auto generated case'),
(551, 'P0551', 'urgent', 'XRAY-03', 'OR-201', 11, 'pending', 1, NULL, '2024-01-02 21:55:00', NULL, 'Auto generated case'),
(552, 'P0552', 'urgent', 'WARD-12', 'OPD-05', 2, 'pending', 3, NULL, '2024-01-02 22:00:00', NULL, 'Auto generated case'),
(553, 'P0553', 'normal', 'OPD-05', 'OR-201', 11, 'pending', 1, NULL, '2024-01-02 22:05:00', NULL, 'Auto generated case'),
(554, 'P0554', 'normal', 'XRAY-03', 'WARD-12', 8, 'pending', 1, NULL, '2024-01-02 22:10:00', NULL, 'Auto generated case'),
(555, 'P0555', 'urgent', 'WARD-15', 'OPD-05', 3, 'pending', 1, NULL, '2024-01-02 22:15:00', NULL, 'Auto generated case'),
(556, 'P0556', 'normal', 'WARD-15', 'XRAY-03', 3, 'pending', 3, NULL, '2024-01-02 22:20:00', NULL, 'Auto generated case'),
(557, 'P0557', 'normal', 'ER-102', 'ICU-301', 12, 'pending', 3, NULL, '2024-01-02 22:25:00', NULL, 'Auto generated case'),
(558, 'P0558', 'normal', 'OR-201', 'ER-101', 8, 'pending', 3, NULL, '2024-01-02 22:30:00', NULL, 'Auto generated case'),
(559, 'P0559', 'normal', 'ER-102', 'ICU-302', 7, 'pending', 3, NULL, '2024-01-02 22:35:00', NULL, 'Auto generated case'),
(560, 'P0560', 'normal', 'ER-102', 'ER-101', 5, 'pending', 3, NULL, '2024-01-02 22:40:00', NULL, 'Auto generated case'),
(561, 'P0561', 'normal', 'ER-101', 'WARD-15', 7, 'pending', 1, NULL, '2024-01-02 22:45:00', NULL, 'Auto generated case'),
(562, 'P0562', 'normal', 'WARD-15', 'ICU-302', 15, 'pending', 3, NULL, '2024-01-02 22:50:00', NULL, 'Auto generated case'),
(563, 'P0563', 'urgent', 'ER-102', 'ER-101', 4, 'pending', 3, NULL, '2024-01-02 22:55:00', NULL, 'Auto generated case'),
(564, 'P0564', 'urgent', 'ICU-301', 'XRAY-03', 8, 'pending', 1, NULL, '2024-01-02 23:00:00', NULL, 'Auto generated case'),
(565, 'P0565', 'urgent', 'OPD-05', 'WARD-12', 5, 'pending', 3, NULL, '2024-01-02 23:05:00', NULL, 'Auto generated case'),
(566, 'P0566', 'urgent', 'ER-101', 'OPD-05', 13, 'pending', 3, NULL, '2024-01-02 23:10:00', NULL, 'Auto generated case'),
(567, 'P0567', 'urgent', 'OR-201', 'WARD-15', 11, 'pending', 1, NULL, '2024-01-02 23:15:00', NULL, 'Auto generated case'),
(568, 'P0568', 'normal', 'WARD-15', 'WARD-12', 7, 'pending', 3, NULL, '2024-01-02 23:20:00', NULL, 'Auto generated case'),
(569, 'P0569', 'urgent', 'OPD-05', 'WARD-12', 1, 'pending', 1, NULL, '2024-01-02 23:25:00', NULL, 'Auto generated case'),
(570, 'P0570', 'normal', 'ER-101', 'OR-201', 9, 'pending', 3, NULL, '2024-01-02 23:30:00', NULL, 'Auto generated case'),
(571, 'P0571', 'normal', 'ICU-302', 'OR-201', 6, 'pending', 3, NULL, '2024-01-02 23:35:00', NULL, 'Auto generated case'),
(572, 'P0572', 'urgent', 'OPD-05', 'WARD-15', 12, 'pending', 1, NULL, '2024-01-02 23:40:00', NULL, 'Auto generated case'),
(573, 'P0573', 'urgent', 'ICU-301', 'OPD-05', 6, 'pending', 3, NULL, '2024-01-02 23:45:00', NULL, 'Auto generated case'),
(574, 'P0574', 'normal', 'XRAY-03', 'OPD-05', 11, 'pending', 1, NULL, '2024-01-02 23:50:00', NULL, 'Auto generated case'),
(575, 'P0575', 'urgent', 'ER-102', 'WARD-12', 1, 'pending', 3, NULL, '2024-01-02 23:55:00', NULL, 'Auto generated case'),
(576, 'P0576', 'normal', 'ICU-301', 'ER-102', 14, 'pending', 3, NULL, '2024-01-03 00:00:00', NULL, 'Auto generated case'),
(577, 'P0577', 'normal', 'ICU-302', 'WARD-12', 8, 'pending', 1, NULL, '2024-01-03 00:05:00', NULL, 'Auto generated case'),
(578, 'P0578', 'normal', 'OPD-05', 'ER-102', 11, 'pending', 1, NULL, '2024-01-03 00:10:00', NULL, 'Auto generated case'),
(579, 'P0579', 'normal', 'OPD-05', 'ICU-302', 12, 'pending', 1, NULL, '2024-01-03 00:15:00', NULL, 'Auto generated case'),
(580, 'P0580', 'urgent', 'OPD-05', 'XRAY-03', 1, 'pending', 3, NULL, '2024-01-03 00:20:00', NULL, 'Auto generated case'),
(581, 'P0581', 'urgent', 'OPD-05', 'ER-101', 14, 'pending', 3, NULL, '2024-01-03 00:25:00', NULL, 'Auto generated case'),
(582, 'P0582', 'urgent', 'ICU-301', 'OR-201', 8, 'pending', 1, NULL, '2024-01-03 00:30:00', NULL, 'Auto generated case'),
(583, 'P0583', 'normal', 'ICU-301', 'XRAY-03', 6, 'pending', 3, NULL, '2024-01-03 00:35:00', NULL, 'Auto generated case'),
(584, 'P0584', 'normal', 'OPD-05', 'XRAY-03', 1, 'pending', 1, NULL, '2024-01-03 00:40:00', NULL, 'Auto generated case'),
(585, 'P0585', 'normal', 'OPD-05', 'WARD-12', 8, 'pending', 3, NULL, '2024-01-03 00:45:00', NULL, 'Auto generated case'),
(586, 'P0586', 'normal', 'XRAY-03', 'ER-101', 4, 'pending', 3, NULL, '2024-01-03 00:50:00', NULL, 'Auto generated case'),
(587, 'P0587', 'normal', 'ICU-301', 'ER-102', 11, 'pending', 3, NULL, '2024-01-03 00:55:00', NULL, 'Auto generated case'),
(588, 'P0588', 'normal', 'OR-201', 'WARD-15', 15, 'pending', 1, NULL, '2024-01-03 01:00:00', NULL, 'Auto generated case'),
(589, 'P0589', 'normal', 'XRAY-03', 'WARD-15', 5, 'pending', 3, NULL, '2024-01-03 01:05:00', NULL, 'Auto generated case'),
(590, 'P0590', 'urgent', 'XRAY-03', 'ICU-301', 3, 'pending', 1, NULL, '2024-01-03 01:10:00', NULL, 'Auto generated case'),
(591, 'P0591', 'urgent', 'WARD-15', 'ICU-302', 9, 'pending', 1, NULL, '2024-01-03 01:15:00', NULL, 'Auto generated case'),
(592, 'P0592', 'normal', 'ER-101', 'ICU-302', 8, 'pending', 3, NULL, '2024-01-03 01:20:00', NULL, 'Auto generated case'),
(593, 'P0593', 'normal', 'ER-101', 'ER-102', 14, 'pending', 1, NULL, '2024-01-03 01:25:00', NULL, 'Auto generated case'),
(594, 'P0594', 'urgent', 'XRAY-03', 'ICU-302', 2, 'pending', 1, NULL, '2024-01-03 01:30:00', NULL, 'Auto generated case'),
(595, 'P0595', 'urgent', 'ICU-302', 'OR-201', 15, 'pending', 1, NULL, '2024-01-03 01:35:00', NULL, 'Auto generated case'),
(596, 'P0596', 'normal', 'OR-201', 'XRAY-03', 11, 'pending', 1, NULL, '2024-01-03 01:40:00', NULL, 'Auto generated case'),
(597, 'P0597', 'urgent', 'OPD-05', 'XRAY-03', 3, 'pending', 3, NULL, '2024-01-03 01:45:00', NULL, 'Auto generated case'),
(598, 'P0598', 'urgent', 'WARD-12', 'XRAY-03', 14, 'pending', 1, NULL, '2024-01-03 01:50:00', NULL, 'Auto generated case'),
(599, 'P0599', 'urgent', 'ER-102', 'OPD-05', 4, 'pending', 1, NULL, '2024-01-03 01:55:00', NULL, 'Auto generated case'),
(600, 'P0600', 'normal', 'OPD-05', 'ICU-302', 6, 'pending', 3, NULL, '2024-01-03 02:00:00', NULL, 'Auto generated case'),
(601, 'P0601', 'urgent', 'OR-201', 'ER-101', 1, 'pending', 1, NULL, '2024-01-03 02:05:00', NULL, 'Auto generated case'),
(602, 'P0602', 'normal', 'WARD-12', 'ICU-302', 2, 'pending', 3, NULL, '2024-01-03 02:10:00', NULL, 'Auto generated case'),
(603, 'P0603', 'normal', 'ER-102', 'ICU-301', 5, 'pending', 3, NULL, '2024-01-03 02:15:00', NULL, 'Auto generated case'),
(604, 'P0604', 'normal', 'ICU-302', 'OR-201', 4, 'pending', 3, NULL, '2024-01-03 02:20:00', NULL, 'Auto generated case'),
(605, 'P0605', 'normal', 'ICU-301', 'XRAY-03', 2, 'pending', 3, NULL, '2024-01-03 02:25:00', NULL, 'Auto generated case'),
(606, 'P0606', 'urgent', 'OPD-05', 'ER-102', 12, 'pending', 1, NULL, '2024-01-03 02:30:00', NULL, 'Auto generated case'),
(607, 'P0607', 'urgent', 'ER-101', 'OPD-05', 11, 'pending', 1, NULL, '2024-01-03 02:35:00', NULL, 'Auto generated case'),
(608, 'P0608', 'normal', 'OPD-05', 'ER-102', 6, 'pending', 1, NULL, '2024-01-03 02:40:00', NULL, 'Auto generated case'),
(609, 'P0609', 'normal', 'OR-201', 'ICU-301', 5, 'pending', 1, NULL, '2024-01-03 02:45:00', NULL, 'Auto generated case'),
(610, 'P0610', 'normal', 'WARD-12', 'WARD-15', 11, 'pending', 1, NULL, '2024-01-03 02:50:00', NULL, 'Auto generated case'),
(611, 'P0611', 'normal', 'ER-102', 'ICU-302', 13, 'pending', 1, NULL, '2024-01-03 02:55:00', NULL, 'Auto generated case'),
(612, 'P0612', 'urgent', 'OR-201', 'ICU-301', 15, 'pending', 3, NULL, '2024-01-03 03:00:00', NULL, 'Auto generated case'),
(613, 'P0613', 'urgent', 'ER-102', 'OPD-05', 10, 'pending', 1, NULL, '2024-01-03 03:05:00', NULL, 'Auto generated case'),
(614, 'P0614', 'urgent', 'WARD-12', 'ICU-301', 7, 'pending', 1, NULL, '2024-01-03 03:10:00', NULL, 'Auto generated case'),
(615, 'P0615', 'urgent', 'OPD-05', 'ICU-302', 7, 'pending', 1, NULL, '2024-01-03 03:15:00', NULL, 'Auto generated case'),
(616, 'P0616', 'urgent', 'ER-102', 'WARD-12', 3, 'pending', 1, NULL, '2024-01-03 03:20:00', NULL, 'Auto generated case'),
(617, 'P0617', 'normal', 'XRAY-03', 'ICU-302', 12, 'pending', 1, NULL, '2024-01-03 03:25:00', NULL, 'Auto generated case'),
(618, 'P0618', 'urgent', 'OR-201', 'WARD-12', 1, 'pending', 1, NULL, '2024-01-03 03:30:00', NULL, 'Auto generated case'),
(619, 'P0619', 'normal', 'ER-101', 'ER-102', 8, 'pending', 1, NULL, '2024-01-03 03:35:00', NULL, 'Auto generated case'),
(620, 'P0620', 'urgent', 'WARD-15', 'XRAY-03', 5, 'pending', 1, NULL, '2024-01-03 03:40:00', NULL, 'Auto generated case'),
(621, 'P0621', 'urgent', 'WARD-15', 'ICU-302', 3, 'pending', 1, NULL, '2024-01-03 03:45:00', NULL, 'Auto generated case'),
(622, 'P0622', 'urgent', 'ER-102', 'WARD-12', 2, 'pending', 3, NULL, '2024-01-03 03:50:00', NULL, 'Auto generated case'),
(623, 'P0623', 'urgent', 'ICU-302', 'WARD-15', 12, 'pending', 1, NULL, '2024-01-03 03:55:00', NULL, 'Auto generated case'),
(624, 'P0624', 'urgent', 'ICU-301', 'ER-101', 3, 'pending', 1, NULL, '2024-01-03 04:00:00', NULL, 'Auto generated case'),
(625, 'P0625', 'urgent', 'WARD-12', 'WARD-15', 15, 'pending', 1, NULL, '2024-01-03 04:05:00', NULL, 'Auto generated case'),
(626, 'P0626', 'normal', 'ER-102', 'ICU-302', 3, 'pending', 1, NULL, '2024-01-03 04:10:00', NULL, 'Auto generated case'),
(627, 'P0627', 'normal', 'OR-201', 'XRAY-03', 10, 'pending', 1, NULL, '2024-01-03 04:15:00', NULL, 'Auto generated case'),
(628, 'P0628', 'urgent', 'ICU-302', 'XRAY-03', 1, 'pending', 3, NULL, '2024-01-03 04:20:00', NULL, 'Auto generated case'),
(629, 'P0629', 'normal', 'ICU-302', 'ER-101', 14, 'pending', 3, NULL, '2024-01-03 04:25:00', NULL, 'Auto generated case'),
(630, 'P0630', 'urgent', 'ER-101', 'XRAY-03', 13, 'pending', 3, NULL, '2024-01-03 04:30:00', NULL, 'Auto generated case'),
(631, 'P0631', 'normal', 'ER-101', 'XRAY-03', 3, 'pending', 3, NULL, '2024-01-03 04:35:00', NULL, 'Auto generated case'),
(632, 'P0632', 'normal', 'OR-201', 'WARD-15', 2, 'pending', 1, NULL, '2024-01-03 04:40:00', NULL, 'Auto generated case'),
(633, 'P0633', 'urgent', 'ER-102', 'OR-201', 2, 'pending', 3, NULL, '2024-01-03 04:45:00', NULL, 'Auto generated case'),
(634, 'P0634', 'normal', 'OPD-05', 'WARD-15', 4, 'pending', 1, NULL, '2024-01-03 04:50:00', NULL, 'Auto generated case'),
(635, 'P0635', 'urgent', 'ER-101', 'ICU-301', 13, 'pending', 3, NULL, '2024-01-03 04:55:00', NULL, 'Auto generated case'),
(636, 'P0636', 'urgent', 'WARD-12', 'OPD-05', 4, 'pending', 3, NULL, '2024-01-03 05:00:00', NULL, 'Auto generated case'),
(637, 'P0637', 'normal', 'ICU-302', 'XRAY-03', 1, 'pending', 1, NULL, '2024-01-03 05:05:00', NULL, 'Auto generated case'),
(638, 'P0638', 'normal', 'ER-101', 'ICU-301', 15, 'pending', 1, NULL, '2024-01-03 05:10:00', NULL, 'Auto generated case'),
(639, 'P0639', 'urgent', 'WARD-12', 'WARD-15', 7, 'pending', 1, NULL, '2024-01-03 05:15:00', NULL, 'Auto generated case'),
(640, 'P0640', 'urgent', 'ICU-302', 'XRAY-03', 5, 'pending', 3, NULL, '2024-01-03 05:20:00', NULL, 'Auto generated case'),
(641, 'P0641', 'urgent', 'OPD-05', 'XRAY-03', 4, 'pending', 3, NULL, '2024-01-03 05:25:00', NULL, 'Auto generated case'),
(642, 'P0642', 'urgent', 'ICU-302', 'ER-101', 3, 'pending', 1, NULL, '2024-01-03 05:30:00', NULL, 'Auto generated case'),
(643, 'P0643', 'urgent', 'WARD-15', 'ICU-302', 13, 'pending', 1, NULL, '2024-01-03 05:35:00', NULL, 'Auto generated case'),
(644, 'P0644', 'normal', 'OR-201', 'OPD-05', 12, 'pending', 3, NULL, '2024-01-03 05:40:00', NULL, 'Auto generated case'),
(645, 'P0645', 'normal', 'OR-201', 'ER-102', 5, 'pending', 3, NULL, '2024-01-03 05:45:00', NULL, 'Auto generated case'),
(646, 'P0646', 'normal', 'WARD-12', 'ER-102', 12, 'pending', 1, NULL, '2024-01-03 05:50:00', NULL, 'Auto generated case'),
(647, 'P0647', 'normal', 'XRAY-03', 'ER-101', 3, 'pending', 3, NULL, '2024-01-03 05:55:00', NULL, 'Auto generated case'),
(648, 'P0648', 'normal', 'ICU-301', 'ICU-302', 11, 'pending', 1, NULL, '2024-01-03 06:00:00', NULL, 'Auto generated case'),
(649, 'P0649', 'urgent', 'WARD-12', 'WARD-15', 10, 'pending', 3, NULL, '2024-01-03 06:05:00', NULL, 'Auto generated case'),
(650, 'P0650', 'normal', 'ER-101', 'WARD-15', 14, 'pending', 3, NULL, '2024-01-03 06:10:00', NULL, 'Auto generated case'),
(651, 'P0651', 'urgent', 'OR-201', 'ICU-301', 12, 'pending', 3, NULL, '2024-01-03 06:15:00', NULL, 'Auto generated case'),
(652, 'P0652', 'normal', 'OPD-05', 'WARD-15', 10, 'pending', 1, NULL, '2024-01-03 06:20:00', NULL, 'Auto generated case'),
(653, 'P0653', 'normal', 'WARD-12', 'ER-101', 14, 'pending', 3, NULL, '2024-01-03 06:25:00', NULL, 'Auto generated case'),
(654, 'P0654', 'normal', 'ER-101', 'WARD-12', 11, 'pending', 1, NULL, '2024-01-03 06:30:00', NULL, 'Auto generated case'),
(655, 'P0655', 'normal', 'WARD-15', 'OPD-05', 13, 'pending', 3, NULL, '2024-01-03 06:35:00', NULL, 'Auto generated case'),
(656, 'P0656', 'urgent', 'WARD-12', 'ICU-301', 14, 'pending', 3, NULL, '2024-01-03 06:40:00', NULL, 'Auto generated case'),
(657, 'P0657', 'normal', 'ICU-301', 'WARD-15', 8, 'pending', 1, NULL, '2024-01-03 06:45:00', NULL, 'Auto generated case'),
(658, 'P0658', 'normal', 'ER-102', 'OR-201', 2, 'pending', 3, NULL, '2024-01-03 06:50:00', NULL, 'Auto generated case'),
(659, 'P0659', 'normal', 'OPD-05', 'ICU-301', 5, 'pending', 3, NULL, '2024-01-03 06:55:00', NULL, 'Auto generated case'),
(660, 'P0660', 'urgent', 'WARD-12', 'ICU-301', 10, 'pending', 3, NULL, '2024-01-03 07:00:00', NULL, 'Auto generated case'),
(661, 'P0661', 'urgent', 'OPD-05', 'ER-101', 5, 'pending', 3, NULL, '2024-01-03 07:05:00', NULL, 'Auto generated case'),
(662, 'P0662', 'urgent', 'WARD-15', 'OR-201', 6, 'pending', 1, NULL, '2024-01-03 07:10:00', NULL, 'Auto generated case'),
(663, 'P0663', 'normal', 'OR-201', 'ER-101', 4, 'pending', 1, NULL, '2024-01-03 07:15:00', NULL, 'Auto generated case'),
(664, 'P0664', 'normal', 'OPD-05', 'WARD-12', 15, 'pending', 3, NULL, '2024-01-03 07:20:00', NULL, 'Auto generated case'),
(665, 'P0665', 'normal', 'WARD-12', 'ICU-301', 10, 'pending', 1, NULL, '2024-01-03 07:25:00', NULL, 'Auto generated case'),
(666, 'P0666', 'urgent', 'ICU-301', 'XRAY-03', 10, 'pending', 3, NULL, '2024-01-03 07:30:00', NULL, 'Auto generated case'),
(667, 'P0667', 'normal', 'OPD-05', 'ICU-302', 10, 'pending', 3, NULL, '2024-01-03 07:35:00', NULL, 'Auto generated case'),
(668, 'P0668', 'normal', 'OR-201', 'WARD-12', 6, 'pending', 3, NULL, '2024-01-03 07:40:00', NULL, 'Auto generated case'),
(669, 'P0669', 'urgent', 'ER-102', 'XRAY-03', 9, 'pending', 3, NULL, '2024-01-03 07:45:00', NULL, 'Auto generated case'),
(670, 'P0670', 'normal', 'WARD-12', 'OR-201', 4, 'pending', 3, NULL, '2024-01-03 07:50:00', NULL, 'Auto generated case'),
(671, 'P0671', 'urgent', 'ER-102', 'WARD-12', 7, 'pending', 1, NULL, '2024-01-03 07:55:00', NULL, 'Auto generated case'),
(672, 'P0672', 'normal', 'ER-102', 'WARD-12', 13, 'pending', 1, NULL, '2024-01-03 08:00:00', NULL, 'Auto generated case'),
(673, 'P0673', 'normal', 'WARD-15', 'ER-102', 5, 'pending', 3, NULL, '2024-01-03 08:05:00', NULL, 'Auto generated case'),
(674, 'P0674', 'urgent', 'OR-201', 'WARD-15', 3, 'pending', 1, NULL, '2024-01-03 08:10:00', NULL, 'Auto generated case'),
(675, 'P0675', 'urgent', 'XRAY-03', 'OR-201', 10, 'pending', 3, NULL, '2024-01-03 08:15:00', NULL, 'Auto generated case'),
(676, 'P0676', 'normal', 'OR-201', 'ER-102', 3, 'pending', 3, NULL, '2024-01-03 08:20:00', NULL, 'Auto generated case'),
(677, 'P0677', 'normal', 'OR-201', 'WARD-15', 2, 'pending', 3, NULL, '2024-01-03 08:25:00', NULL, 'Auto generated case'),
(678, 'P0678', 'normal', 'WARD-15', 'ICU-302', 3, 'pending', 1, NULL, '2024-01-03 08:30:00', NULL, 'Auto generated case'),
(679, 'P0679', 'urgent', 'OPD-05', 'WARD-12', 4, 'pending', 1, NULL, '2024-01-03 08:35:00', NULL, 'Auto generated case'),
(680, 'P0680', 'normal', 'ICU-302', 'ER-101', 3, 'pending', 3, NULL, '2024-01-03 08:40:00', NULL, 'Auto generated case'),
(681, 'P0681', 'urgent', 'ER-102', 'ICU-301', 7, 'pending', 3, NULL, '2024-01-03 08:45:00', NULL, 'Auto generated case'),
(682, 'P0682', 'urgent', 'ER-101', 'WARD-12', 13, 'pending', 1, NULL, '2024-01-03 08:50:00', NULL, 'Auto generated case'),
(683, 'P0683', 'normal', 'OR-201', 'OPD-05', 14, 'pending', 1, NULL, '2024-01-03 08:55:00', NULL, 'Auto generated case'),
(684, 'P0684', 'normal', 'WARD-15', 'OPD-05', 11, 'pending', 3, NULL, '2024-01-03 09:00:00', NULL, 'Auto generated case'),
(685, 'P0685', 'normal', 'OPD-05', 'WARD-12', 5, 'pending', 3, NULL, '2024-01-03 09:05:00', NULL, 'Auto generated case'),
(686, 'P0686', 'urgent', 'OPD-05', 'WARD-15', 6, 'pending', 3, NULL, '2024-01-03 09:10:00', NULL, 'Auto generated case'),
(687, 'P0687', 'normal', 'OR-201', 'XRAY-03', 7, 'pending', 1, NULL, '2024-01-03 09:15:00', NULL, 'Auto generated case'),
(688, 'P0688', 'normal', 'WARD-12', 'ICU-301', 14, 'pending', 3, NULL, '2024-01-03 09:20:00', NULL, 'Auto generated case'),
(689, 'P0689', 'urgent', 'OR-201', 'ICU-301', 3, 'pending', 1, NULL, '2024-01-03 09:25:00', NULL, 'Auto generated case'),
(690, 'P0690', 'urgent', 'ER-102', 'WARD-12', 15, 'pending', 3, NULL, '2024-01-03 09:30:00', NULL, 'Auto generated case'),
(691, 'P0691', 'normal', 'XRAY-03', 'OR-201', 14, 'pending', 3, NULL, '2024-01-03 09:35:00', NULL, 'Auto generated case'),
(692, 'P0692', 'urgent', 'XRAY-03', 'OR-201', 6, 'pending', 3, NULL, '2024-01-03 09:40:00', NULL, 'Auto generated case'),
(693, 'P0693', 'normal', 'OPD-05', 'ICU-302', 9, 'pending', 1, NULL, '2024-01-03 09:45:00', NULL, 'Auto generated case'),
(694, 'P0694', 'normal', 'ICU-302', 'ER-101', 1, 'pending', 3, NULL, '2024-01-03 09:50:00', NULL, 'Auto generated case'),
(695, 'P0695', 'normal', 'XRAY-03', 'ER-101', 1, 'pending', 1, NULL, '2024-01-03 09:55:00', NULL, 'Auto generated case'),
(696, 'P0696', 'urgent', 'ER-102', 'ICU-301', 12, 'pending', 1, NULL, '2024-01-03 10:00:00', NULL, 'Auto generated case'),
(697, 'P0697', 'normal', 'WARD-15', 'ICU-301', 11, 'pending', 3, NULL, '2024-01-03 10:05:00', NULL, 'Auto generated case'),
(698, 'P0698', 'urgent', 'ER-101', 'OPD-05', 7, 'pending', 3, NULL, '2024-01-03 10:10:00', NULL, 'Auto generated case'),
(699, 'P0699', 'urgent', 'WARD-15', 'ER-102', 7, 'pending', 1, NULL, '2024-01-03 10:15:00', NULL, 'Auto generated case'),
(700, 'P0700', 'normal', 'WARD-12', 'XRAY-03', 6, 'pending', 1, NULL, '2024-01-03 10:20:00', NULL, 'Auto generated case'),
(701, 'P0701', 'normal', 'ICU-301', 'WARD-12', 1, 'pending', 3, NULL, '2024-01-03 10:25:00', NULL, 'Auto generated case'),
(702, 'P0702', 'urgent', 'OPD-05', 'ICU-302', 13, 'pending', 1, NULL, '2024-01-03 10:30:00', NULL, 'Auto generated case'),
(703, 'P0703', 'urgent', 'WARD-15', 'ICU-302', 14, 'pending', 3, NULL, '2024-01-03 10:35:00', NULL, 'Auto generated case'),
(704, 'P0704', 'urgent', 'ER-101', 'OR-201', 8, 'pending', 1, NULL, '2024-01-03 10:40:00', NULL, 'Auto generated case'),
(705, 'P0705', 'urgent', 'WARD-12', 'ER-102', 12, 'pending', 3, NULL, '2024-01-03 10:45:00', NULL, 'Auto generated case'),
(706, 'P0706', 'normal', 'ICU-301', 'WARD-12', 9, 'pending', 1, NULL, '2024-01-03 10:50:00', NULL, 'Auto generated case'),
(707, 'P0707', 'urgent', 'ICU-302', 'ER-101', 12, 'pending', 1, NULL, '2024-01-03 10:55:00', NULL, 'Auto generated case'),
(708, 'P0708', 'normal', 'ICU-302', 'ER-102', 10, 'pending', 1, NULL, '2024-01-03 11:00:00', NULL, 'Auto generated case'),
(709, 'P0709', 'normal', 'XRAY-03', 'ICU-301', 13, 'pending', 3, NULL, '2024-01-03 11:05:00', NULL, 'Auto generated case'),
(710, 'P0710', 'normal', 'ER-102', 'XRAY-03', 14, 'pending', 3, NULL, '2024-01-03 11:10:00', NULL, 'Auto generated case'),
(711, 'P0711', 'normal', 'XRAY-03', 'ICU-302', 4, 'pending', 1, NULL, '2024-01-03 11:15:00', NULL, 'Auto generated case'),
(712, 'P0712', 'normal', 'ICU-302', 'WARD-15', 3, 'pending', 3, NULL, '2024-01-03 11:20:00', NULL, 'Auto generated case'),
(713, 'P0713', 'normal', 'ER-101', 'ER-102', 14, 'pending', 3, NULL, '2024-01-03 11:25:00', NULL, 'Auto generated case'),
(714, 'P0714', 'normal', 'OR-201', 'ER-101', 3, 'pending', 1, NULL, '2024-01-03 11:30:00', NULL, 'Auto generated case'),
(715, 'P0715', 'urgent', 'ICU-302', 'ER-102', 12, 'pending', 1, NULL, '2024-01-03 11:35:00', NULL, 'Auto generated case'),
(716, 'P0716', 'urgent', 'ER-102', 'WARD-15', 1, 'pending', 3, NULL, '2024-01-03 11:40:00', NULL, 'Auto generated case'),
(717, 'P0717', 'normal', 'ICU-302', 'OR-201', 9, 'pending', 1, NULL, '2024-01-03 11:45:00', NULL, 'Auto generated case'),
(718, 'P0718', 'normal', 'ICU-302', 'OPD-05', 13, 'pending', 3, NULL, '2024-01-03 11:50:00', NULL, 'Auto generated case'),
(719, 'P0719', 'normal', 'OPD-05', 'OR-201', 10, 'pending', 1, NULL, '2024-01-03 11:55:00', NULL, 'Auto generated case'),
(720, 'P0720', 'urgent', 'WARD-15', 'ICU-302', 12, 'pending', 3, NULL, '2024-01-03 12:00:00', NULL, 'Auto generated case'),
(721, 'P0721', 'normal', 'WARD-12', 'ICU-302', 2, 'pending', 3, NULL, '2024-01-03 12:05:00', NULL, 'Auto generated case'),
(722, 'P0722', 'urgent', 'ER-101', 'ICU-301', 9, 'pending', 1, NULL, '2024-01-03 12:10:00', NULL, 'Auto generated case'),
(723, 'P0723', 'urgent', 'XRAY-03', 'ICU-302', 11, 'pending', 1, NULL, '2024-01-03 12:15:00', NULL, 'Auto generated case'),
(724, 'P0724', 'normal', 'ICU-302', 'ICU-301', 13, 'pending', 3, NULL, '2024-01-03 12:20:00', NULL, 'Auto generated case'),
(725, 'P0725', 'urgent', 'ICU-302', 'OR-201', 8, 'pending', 1, NULL, '2024-01-03 12:25:00', NULL, 'Auto generated case'),
(726, 'P0726', 'normal', 'WARD-15', 'WARD-12', 12, 'pending', 1, NULL, '2024-01-03 12:30:00', NULL, 'Auto generated case'),
(727, 'P0727', 'urgent', 'OR-201', 'XRAY-03', 10, 'pending', 1, NULL, '2024-01-03 12:35:00', NULL, 'Auto generated case'),
(728, 'P0728', 'normal', 'OR-201', 'ICU-301', 7, 'pending', 3, NULL, '2024-01-03 12:40:00', NULL, 'Auto generated case'),
(729, 'P0729', 'normal', 'WARD-12', 'ER-102', 12, 'pending', 1, NULL, '2024-01-03 12:45:00', NULL, 'Auto generated case'),
(730, 'P0730', 'normal', 'XRAY-03', 'ER-101', 10, 'pending', 3, NULL, '2024-01-03 12:50:00', NULL, 'Auto generated case'),
(731, 'P0731', 'normal', 'ICU-302', 'WARD-15', 11, 'pending', 1, NULL, '2024-01-03 12:55:00', NULL, 'Auto generated case'),
(732, 'P0732', 'normal', 'ICU-301', 'XRAY-03', 8, 'pending', 1, NULL, '2024-01-03 13:00:00', NULL, 'Auto generated case'),
(733, 'P0733', 'normal', 'ICU-301', 'OPD-05', 13, 'pending', 1, NULL, '2024-01-03 13:05:00', NULL, 'Auto generated case'),
(734, 'P0734', 'urgent', 'ER-102', 'ER-101', 14, 'pending', 1, NULL, '2024-01-03 13:10:00', NULL, 'Auto generated case'),
(735, 'P0735', 'urgent', 'ER-102', 'OPD-05', 6, 'pending', 3, NULL, '2024-01-03 13:15:00', NULL, 'Auto generated case'),
(736, 'P0736', 'urgent', 'ER-101', 'ICU-302', 5, 'pending', 1, NULL, '2024-01-03 13:20:00', NULL, 'Auto generated case'),
(737, 'P0737', 'urgent', 'ER-101', 'XRAY-03', 8, 'pending', 3, NULL, '2024-01-03 13:25:00', NULL, 'Auto generated case'),
(738, 'P0738', 'normal', 'WARD-15', 'ICU-302', 9, 'pending', 1, NULL, '2024-01-03 13:30:00', NULL, 'Auto generated case'),
(739, 'P0739', 'urgent', 'XRAY-03', 'WARD-12', 13, 'pending', 1, NULL, '2024-01-03 13:35:00', NULL, 'Auto generated case'),
(740, 'P0740', 'normal', 'OR-201', 'XRAY-03', 4, 'pending', 3, NULL, '2024-01-03 13:40:00', NULL, 'Auto generated case'),
(741, 'P0741', 'normal', 'OPD-05', 'WARD-15', 14, 'pending', 1, NULL, '2024-01-03 13:45:00', NULL, 'Auto generated case'),
(742, 'P0742', 'normal', 'ER-102', 'XRAY-03', 12, 'pending', 1, NULL, '2024-01-03 13:50:00', NULL, 'Auto generated case'),
(743, 'P0743', 'normal', 'OR-201', 'ICU-301', 9, 'pending', 1, NULL, '2024-01-03 13:55:00', NULL, 'Auto generated case'),
(744, 'P0744', 'urgent', 'ER-101', 'WARD-15', 4, 'pending', 3, NULL, '2024-01-03 14:00:00', NULL, 'Auto generated case'),
(745, 'P0745', 'normal', 'WARD-15', 'ER-101', 10, 'pending', 1, NULL, '2024-01-03 14:05:00', NULL, 'Auto generated case'),
(746, 'P0746', 'normal', 'WARD-12', 'ER-101', 13, 'pending', 1, NULL, '2024-01-03 14:10:00', NULL, 'Auto generated case'),
(747, 'P0747', 'normal', 'ICU-302', 'XRAY-03', 1, 'pending', 1, NULL, '2024-01-03 14:15:00', NULL, 'Auto generated case'),
(748, 'P0748', 'urgent', 'OR-201', 'ICU-301', 10, 'pending', 3, NULL, '2024-01-03 14:20:00', NULL, 'Auto generated case'),
(749, 'P0749', 'urgent', 'WARD-15', 'ICU-302', 9, 'pending', 1, NULL, '2024-01-03 14:25:00', NULL, 'Auto generated case'),
(750, 'P0750', 'urgent', 'OR-201', 'ER-102', 2, 'pending', 1, NULL, '2024-01-03 14:30:00', NULL, 'Auto generated case'),
(751, 'P0751', 'urgent', 'WARD-15', 'ICU-301', 5, 'pending', 3, NULL, '2024-01-03 14:35:00', NULL, 'Auto generated case'),
(752, 'P0752', 'normal', 'OR-201', 'ICU-302', 4, 'pending', 1, NULL, '2024-01-03 14:40:00', NULL, 'Auto generated case'),
(753, 'P0753', 'normal', 'ICU-302', 'WARD-15', 8, 'pending', 3, NULL, '2024-01-03 14:45:00', NULL, 'Auto generated case'),
(754, 'P0754', 'urgent', 'ER-102', 'OR-201', 5, 'pending', 3, NULL, '2024-01-03 14:50:00', NULL, 'Auto generated case'),
(755, 'P0755', 'urgent', 'WARD-15', 'XRAY-03', 2, 'pending', 1, NULL, '2024-01-03 14:55:00', NULL, 'Auto generated case'),
(756, 'P0756', 'normal', 'ICU-302', 'OR-201', 5, 'pending', 1, NULL, '2024-01-03 15:00:00', NULL, 'Auto generated case'),
(757, 'P0757', 'urgent', 'WARD-15', 'ICU-302', 5, 'pending', 3, NULL, '2024-01-03 15:05:00', NULL, 'Auto generated case'),
(758, 'P0758', 'urgent', 'ER-101', 'OPD-05', 13, 'pending', 1, NULL, '2024-01-03 15:10:00', NULL, 'Auto generated case'),
(759, 'P0759', 'urgent', 'ICU-302', 'ER-102', 8, 'pending', 3, NULL, '2024-01-03 15:15:00', NULL, 'Auto generated case'),
(760, 'P0760', 'urgent', 'ER-101', 'OR-201', 15, 'pending', 1, NULL, '2024-01-03 15:20:00', NULL, 'Auto generated case'),
(761, 'P0761', 'normal', 'ICU-301', 'ER-102', 15, 'pending', 3, NULL, '2024-01-03 15:25:00', NULL, 'Auto generated case'),
(762, 'P0762', 'urgent', 'OR-201', 'ER-102', 15, 'pending', 3, NULL, '2024-01-03 15:30:00', NULL, 'Auto generated case'),
(763, 'P0763', 'urgent', 'OR-201', 'XRAY-03', 13, 'pending', 1, NULL, '2024-01-03 15:35:00', NULL, 'Auto generated case'),
(764, 'P0764', 'normal', 'ICU-302', 'ICU-301', 5, 'pending', 1, NULL, '2024-01-03 15:40:00', NULL, 'Auto generated case'),
(765, 'P0765', 'normal', 'OPD-05', 'ER-101', 14, 'pending', 1, NULL, '2024-01-03 15:45:00', NULL, 'Auto generated case'),
(766, 'P0766', 'urgent', 'OPD-05', 'ICU-301', 9, 'pending', 1, NULL, '2024-01-03 15:50:00', NULL, 'Auto generated case'),
(767, 'P0767', 'normal', 'ICU-302', 'OR-201', 4, 'pending', 3, NULL, '2024-01-03 15:55:00', NULL, 'Auto generated case'),
(768, 'P0768', 'urgent', 'ICU-301', 'WARD-12', 5, 'pending', 3, NULL, '2024-01-03 16:00:00', NULL, 'Auto generated case'),
(769, 'P0769', 'normal', 'ER-102', 'XRAY-03', 3, 'pending', 1, NULL, '2024-01-03 16:05:00', NULL, 'Auto generated case'),
(770, 'P0770', 'normal', 'ER-101', 'ER-102', 13, 'pending', 3, NULL, '2024-01-03 16:10:00', NULL, 'Auto generated case'),
(771, 'P0771', 'urgent', 'ICU-302', 'OPD-05', 11, 'pending', 3, NULL, '2024-01-03 16:15:00', NULL, 'Auto generated case'),
(772, 'P0772', 'urgent', 'WARD-12', 'ER-101', 10, 'pending', 1, NULL, '2024-01-03 16:20:00', NULL, 'Auto generated case'),
(773, 'P0773', 'normal', 'OPD-05', 'OR-201', 5, 'pending', 3, NULL, '2024-01-03 16:25:00', NULL, 'Auto generated case'),
(774, 'P0774', 'normal', 'ICU-301', 'ICU-302', 15, 'pending', 1, NULL, '2024-01-03 16:30:00', NULL, 'Auto generated case'),
(775, 'P0775', 'normal', 'ICU-301', 'ER-102', 1, 'pending', 1, NULL, '2024-01-03 16:35:00', NULL, 'Auto generated case'),
(776, 'P0776', 'normal', 'WARD-12', 'WARD-15', 12, 'pending', 1, NULL, '2024-01-03 16:40:00', NULL, 'Auto generated case'),
(777, 'P0777', 'urgent', 'ER-101', 'WARD-12', 9, 'pending', 1, NULL, '2024-01-03 16:45:00', NULL, 'Auto generated case'),
(778, 'P0778', 'normal', 'OR-201', 'ICU-302', 13, 'pending', 1, NULL, '2024-01-03 16:50:00', NULL, 'Auto generated case'),
(779, 'P0779', 'urgent', 'ICU-301', 'WARD-12', 1, 'pending', 1, NULL, '2024-01-03 16:55:00', NULL, 'Auto generated case'),
(780, 'P0780', 'urgent', 'WARD-12', 'WARD-15', 3, 'pending', 3, NULL, '2024-01-03 17:00:00', NULL, 'Auto generated case'),
(781, 'P0781', 'normal', 'OR-201', 'WARD-12', 10, 'pending', 3, NULL, '2024-01-03 17:05:00', NULL, 'Auto generated case'),
(782, 'P0782', 'normal', 'XRAY-03', 'ER-102', 8, 'pending', 3, NULL, '2024-01-03 17:10:00', NULL, 'Auto generated case'),
(783, 'P0783', 'urgent', 'ER-101', 'WARD-15', 11, 'pending', 1, NULL, '2024-01-03 17:15:00', NULL, 'Auto generated case'),
(784, 'P0784', 'normal', 'WARD-12', 'OPD-05', 6, 'pending', 3, NULL, '2024-01-03 17:20:00', NULL, 'Auto generated case'),
(785, 'P0785', 'urgent', 'XRAY-03', 'WARD-12', 13, 'pending', 3, NULL, '2024-01-03 17:25:00', NULL, 'Auto generated case'),
(786, 'P0786', 'normal', 'ER-101', 'WARD-15', 2, 'pending', 3, NULL, '2024-01-03 17:30:00', NULL, 'Auto generated case'),
(787, 'P0787', 'urgent', 'ER-101', 'WARD-12', 12, 'pending', 3, NULL, '2024-01-03 17:35:00', NULL, 'Auto generated case'),
(788, 'P0788', 'urgent', 'ICU-302', 'ER-101', 9, 'pending', 1, NULL, '2024-01-03 17:40:00', NULL, 'Auto generated case'),
(789, 'P0789', 'urgent', 'ICU-301', 'ER-101', 13, 'pending', 3, NULL, '2024-01-03 17:45:00', NULL, 'Auto generated case'),
(790, 'P0790', 'normal', 'OPD-05', 'ICU-302', 2, 'pending', 3, NULL, '2024-01-03 17:50:00', NULL, 'Auto generated case'),
(791, 'P0791', 'urgent', 'OPD-05', 'ER-102', 3, 'pending', 1, NULL, '2024-01-03 17:55:00', NULL, 'Auto generated case'),
(792, 'P0792', 'urgent', 'OPD-05', 'WARD-15', 4, 'pending', 1, NULL, '2024-01-03 18:00:00', NULL, 'Auto generated case'),
(793, 'P0793', 'normal', 'ER-102', 'ICU-302', 8, 'pending', 3, NULL, '2024-01-03 18:05:00', NULL, 'Auto generated case'),
(794, 'P0794', 'normal', 'OPD-05', 'ICU-302', 2, 'pending', 3, NULL, '2024-01-03 18:10:00', NULL, 'Auto generated case'),
(795, 'P0795', 'normal', 'ICU-302', 'WARD-12', 1, 'pending', 3, NULL, '2024-01-03 18:15:00', NULL, 'Auto generated case'),
(796, 'P0796', 'normal', 'WARD-15', 'ICU-302', 9, 'pending', 1, NULL, '2024-01-03 18:20:00', NULL, 'Auto generated case'),
(797, 'P0797', 'urgent', 'OR-201', 'ICU-301', 2, 'pending', 1, NULL, '2024-01-03 18:25:00', NULL, 'Auto generated case'),
(798, 'P0798', 'normal', 'ER-102', 'ICU-301', 4, 'pending', 3, NULL, '2024-01-03 18:30:00', NULL, 'Auto generated case'),
(799, 'P0799', 'urgent', 'WARD-12', 'ER-102', 1, 'pending', 1, NULL, '2024-01-03 18:35:00', NULL, 'Auto generated case'),
(800, 'P0800', 'normal', 'XRAY-03', 'WARD-12', 10, 'pending', 3, NULL, '2024-01-03 18:40:00', NULL, 'Auto generated case'),
(801, 'P0801', 'urgent', 'OPD-05', 'WARD-15', 10, 'pending', 1, NULL, '2024-01-03 18:45:00', NULL, 'Auto generated case'),
(802, 'P0802', 'normal', 'WARD-12', 'ICU-302', 4, 'pending', 1, NULL, '2024-01-03 18:50:00', NULL, 'Auto generated case'),
(803, 'P0803', 'urgent', 'ER-101', 'OPD-05', 8, 'pending', 3, NULL, '2024-01-03 18:55:00', NULL, 'Auto generated case'),
(804, 'P0804', 'urgent', 'ICU-301', 'OR-201', 10, 'pending', 1, NULL, '2024-01-03 19:00:00', NULL, 'Auto generated case'),
(805, 'P0805', 'normal', 'ER-102', 'WARD-12', 11, 'pending', 1, NULL, '2024-01-03 19:05:00', NULL, 'Auto generated case'),
(806, 'P0806', 'normal', 'ICU-301', 'ER-101', 11, 'pending', 1, NULL, '2024-01-03 19:10:00', NULL, 'Auto generated case'),
(807, 'P0807', 'normal', 'ER-102', 'WARD-15', 9, 'pending', 3, NULL, '2024-01-03 19:15:00', NULL, 'Auto generated case'),
(808, 'P0808', 'urgent', 'OPD-05', 'XRAY-03', 12, 'pending', 1, NULL, '2024-01-03 19:20:00', NULL, 'Auto generated case'),
(809, 'P0809', 'urgent', 'ICU-302', 'OPD-05', 8, 'pending', 1, NULL, '2024-01-03 19:25:00', NULL, 'Auto generated case'),
(810, 'P0810', 'urgent', 'ER-101', 'XRAY-03', 7, 'pending', 3, NULL, '2024-01-03 19:30:00', NULL, 'Auto generated case'),
(811, 'P0811', 'normal', 'ICU-301', 'OR-201', 3, 'pending', 1, NULL, '2024-01-03 19:35:00', NULL, 'Auto generated case'),
(812, 'P0812', 'normal', 'WARD-12', 'ER-102', 9, 'pending', 1, NULL, '2024-01-03 19:40:00', NULL, 'Auto generated case'),
(813, 'P0813', 'urgent', 'OPD-05', 'ICU-302', 13, 'pending', 3, NULL, '2024-01-03 19:45:00', NULL, 'Auto generated case'),
(814, 'P0814', 'normal', 'OPD-05', 'WARD-12', 10, 'pending', 3, NULL, '2024-01-03 19:50:00', NULL, 'Auto generated case'),
(815, 'P0815', 'urgent', 'OPD-05', 'XRAY-03', 2, 'pending', 1, NULL, '2024-01-03 19:55:00', NULL, 'Auto generated case'),
(816, 'P0816', 'normal', 'ER-102', 'OR-201', 8, 'pending', 3, NULL, '2024-01-03 20:00:00', NULL, 'Auto generated case'),
(817, 'P0817', 'normal', 'OPD-05', 'XRAY-03', 13, 'pending', 3, NULL, '2024-01-03 20:05:00', NULL, 'Auto generated case'),
(818, 'P0818', 'urgent', 'ER-101', 'ER-102', 6, 'pending', 3, NULL, '2024-01-03 20:10:00', NULL, 'Auto generated case'),
(819, 'P0819', 'normal', 'OPD-05', 'XRAY-03', 14, 'pending', 3, NULL, '2024-01-03 20:15:00', NULL, 'Auto generated case'),
(820, 'P0820', 'urgent', 'OPD-05', 'XRAY-03', 1, 'pending', 1, NULL, '2024-01-03 20:20:00', NULL, 'Auto generated case'),
(821, 'P0821', 'urgent', 'ER-101', 'OR-201', 13, 'pending', 1, NULL, '2024-01-03 20:25:00', NULL, 'Auto generated case'),
(822, 'P0822', 'normal', 'ICU-302', 'ICU-301', 2, 'pending', 3, NULL, '2024-01-03 20:30:00', NULL, 'Auto generated case'),
(823, 'P0823', 'normal', 'WARD-15', 'WARD-12', 4, 'pending', 3, NULL, '2024-01-03 20:35:00', NULL, 'Auto generated case'),
(824, 'P0824', 'urgent', 'OPD-05', 'ICU-301', 6, 'pending', 3, NULL, '2024-01-03 20:40:00', NULL, 'Auto generated case'),
(825, 'P0825', 'urgent', 'ICU-301', 'ICU-302', 4, 'pending', 1, NULL, '2024-01-03 20:45:00', NULL, 'Auto generated case'),
(826, 'P0826', 'urgent', 'WARD-15', 'ICU-302', 14, 'pending', 3, NULL, '2024-01-03 20:50:00', NULL, 'Auto generated case'),
(827, 'P0827', 'urgent', 'ER-101', 'ER-102', 1, 'pending', 3, NULL, '2024-01-03 20:55:00', NULL, 'Auto generated case');
INSERT INTO `cases` (`case_id`, `case_patient_id`, `case_patient_type`, `case_room_from`, `case_room_to`, `str_type_id`, `case_status`, `case_requested_by`, `case_assigned_porter`, `case_created_at`, `case_completed_at`, `case_notes`) VALUES
(828, 'P0828', 'normal', 'WARD-12', 'ER-101', 8, 'pending', 3, NULL, '2024-01-03 21:00:00', NULL, 'Auto generated case'),
(829, 'P0829', 'urgent', 'WARD-15', 'ER-102', 12, 'pending', 3, NULL, '2024-01-03 21:05:00', NULL, 'Auto generated case'),
(830, 'P0830', 'normal', 'WARD-15', 'OPD-05', 13, 'pending', 3, NULL, '2024-01-03 21:10:00', NULL, 'Auto generated case'),
(831, 'P0831', 'urgent', 'ER-101', 'ICU-302', 6, 'pending', 1, NULL, '2024-01-03 21:15:00', NULL, 'Auto generated case'),
(832, 'P0832', 'urgent', 'WARD-12', 'ER-102', 11, 'pending', 3, NULL, '2024-01-03 21:20:00', NULL, 'Auto generated case'),
(833, 'P0833', 'normal', 'WARD-12', 'OR-201', 3, 'pending', 3, NULL, '2024-01-03 21:25:00', NULL, 'Auto generated case'),
(834, 'P0834', 'normal', 'ER-101', 'XRAY-03', 15, 'pending', 1, NULL, '2024-01-03 21:30:00', NULL, 'Auto generated case'),
(835, 'P0835', 'normal', 'ICU-301', 'XRAY-03', 13, 'pending', 3, NULL, '2024-01-03 21:35:00', NULL, 'Auto generated case'),
(836, 'P0836', 'urgent', 'ER-102', 'OPD-05', 12, 'pending', 1, NULL, '2024-01-03 21:40:00', NULL, 'Auto generated case'),
(837, 'P0837', 'normal', 'OPD-05', 'OR-201', 7, 'pending', 1, NULL, '2024-01-03 21:45:00', NULL, 'Auto generated case'),
(838, 'P0838', 'urgent', 'XRAY-03', 'WARD-12', 2, 'pending', 3, NULL, '2024-01-03 21:50:00', NULL, 'Auto generated case'),
(839, 'P0839', 'normal', 'ICU-302', 'OR-201', 14, 'pending', 1, NULL, '2024-01-03 21:55:00', NULL, 'Auto generated case'),
(840, 'P0840', 'urgent', 'WARD-12', 'XRAY-03', 9, 'pending', 1, NULL, '2024-01-03 22:00:00', NULL, 'Auto generated case'),
(841, 'P0841', 'urgent', 'ER-101', 'WARD-15', 12, 'pending', 3, NULL, '2024-01-03 22:05:00', NULL, 'Auto generated case'),
(842, 'P0842', 'urgent', 'ER-102', 'WARD-12', 6, 'pending', 3, NULL, '2024-01-03 22:10:00', NULL, 'Auto generated case'),
(843, 'P0843', 'urgent', 'ICU-302', 'WARD-12', 15, 'pending', 1, NULL, '2024-01-03 22:15:00', NULL, 'Auto generated case'),
(844, 'P0844', 'urgent', 'OPD-05', 'ER-101', 3, 'pending', 1, NULL, '2024-01-03 22:20:00', NULL, 'Auto generated case'),
(845, 'P0845', 'normal', 'ICU-302', 'WARD-15', 9, 'pending', 1, NULL, '2024-01-03 22:25:00', NULL, 'Auto generated case'),
(846, 'P0846', 'normal', 'WARD-15', 'OR-201', 11, 'pending', 1, NULL, '2024-01-03 22:30:00', NULL, 'Auto generated case'),
(847, 'P0847', 'normal', 'ICU-301', 'XRAY-03', 7, 'pending', 3, NULL, '2024-01-03 22:35:00', NULL, 'Auto generated case'),
(848, 'P0848', 'urgent', 'OPD-05', 'ER-102', 13, 'pending', 1, NULL, '2024-01-03 22:40:00', NULL, 'Auto generated case'),
(849, 'P0849', 'normal', 'ER-101', 'ICU-301', 4, 'pending', 1, NULL, '2024-01-03 22:45:00', NULL, 'Auto generated case'),
(850, 'P0850', 'urgent', 'ICU-301', 'OPD-05', 15, 'pending', 3, NULL, '2024-01-03 22:50:00', NULL, 'Auto generated case'),
(851, 'P0851', 'normal', 'WARD-12', 'ER-102', 15, 'pending', 1, NULL, '2024-01-03 22:55:00', NULL, 'Auto generated case'),
(852, 'P0852', 'normal', 'OPD-05', 'WARD-12', 4, 'pending', 1, NULL, '2024-01-03 23:00:00', NULL, 'Auto generated case'),
(853, 'P0853', 'urgent', 'ICU-302', 'XRAY-03', 2, 'pending', 1, NULL, '2024-01-03 23:05:00', NULL, 'Auto generated case'),
(854, 'P0854', 'urgent', 'OPD-05', 'ER-102', 6, 'pending', 3, NULL, '2024-01-03 23:10:00', NULL, 'Auto generated case'),
(855, 'P0855', 'normal', 'WARD-15', 'ER-101', 2, 'pending', 3, NULL, '2024-01-03 23:15:00', NULL, 'Auto generated case'),
(856, 'P0856', 'normal', 'WARD-12', 'OPD-05', 10, 'pending', 3, NULL, '2024-01-03 23:20:00', NULL, 'Auto generated case'),
(857, 'P0857', 'urgent', 'OPD-05', 'XRAY-03', 2, 'pending', 3, NULL, '2024-01-03 23:25:00', NULL, 'Auto generated case'),
(858, 'P0858', 'normal', 'WARD-12', 'XRAY-03', 9, 'pending', 3, NULL, '2024-01-03 23:30:00', NULL, 'Auto generated case'),
(859, 'P0859', 'normal', 'ER-101', 'XRAY-03', 8, 'pending', 1, NULL, '2024-01-03 23:35:00', NULL, 'Auto generated case'),
(860, 'P0860', 'normal', 'XRAY-03', 'WARD-12', 14, 'pending', 3, NULL, '2024-01-03 23:40:00', NULL, 'Auto generated case'),
(861, 'P0861', 'normal', 'ICU-301', 'ER-102', 10, 'pending', 1, NULL, '2024-01-03 23:45:00', NULL, 'Auto generated case'),
(862, 'P0862', 'normal', 'WARD-15', 'OPD-05', 3, 'pending', 1, NULL, '2024-01-03 23:50:00', NULL, 'Auto generated case'),
(863, 'P0863', 'urgent', 'ER-102', 'ICU-302', 10, 'pending', 1, NULL, '2024-01-03 23:55:00', NULL, 'Auto generated case'),
(864, 'P0864', 'normal', 'OPD-05', 'ICU-302', 12, 'pending', 3, NULL, '2024-01-04 00:00:00', NULL, 'Auto generated case'),
(865, 'P0865', 'normal', 'OPD-05', 'ER-101', 1, 'pending', 1, NULL, '2024-01-04 00:05:00', NULL, 'Auto generated case'),
(866, 'P0866', 'urgent', 'OR-201', 'OPD-05', 11, 'pending', 3, NULL, '2024-01-04 00:10:00', NULL, 'Auto generated case'),
(867, 'P0867', 'normal', 'OPD-05', 'WARD-12', 10, 'pending', 1, NULL, '2024-01-04 00:15:00', NULL, 'Auto generated case'),
(868, 'P0868', 'normal', 'OR-201', 'XRAY-03', 3, 'pending', 3, NULL, '2024-01-04 00:20:00', NULL, 'Auto generated case'),
(869, 'P0869', 'normal', 'XRAY-03', 'WARD-12', 3, 'pending', 3, NULL, '2024-01-04 00:25:00', NULL, 'Auto generated case'),
(870, 'P0870', 'normal', 'ICU-301', 'ER-102', 5, 'pending', 1, NULL, '2024-01-04 00:30:00', NULL, 'Auto generated case'),
(871, 'P0871', 'normal', 'ICU-302', 'ICU-301', 14, 'pending', 1, NULL, '2024-01-04 00:35:00', NULL, 'Auto generated case'),
(872, 'P0872', 'normal', 'XRAY-03', 'ER-102', 13, 'pending', 1, NULL, '2024-01-04 00:40:00', NULL, 'Auto generated case'),
(873, 'P0873', 'urgent', 'WARD-15', 'OR-201', 11, 'pending', 1, NULL, '2024-01-04 00:45:00', NULL, 'Auto generated case'),
(874, 'P0874', 'normal', 'WARD-12', 'ICU-302', 13, 'pending', 1, NULL, '2024-01-04 00:50:00', NULL, 'Auto generated case'),
(875, 'P0875', 'normal', 'ICU-302', 'OR-201', 1, 'pending', 3, NULL, '2024-01-04 00:55:00', NULL, 'Auto generated case'),
(876, 'P0876', 'urgent', 'ICU-302', 'OR-201', 4, 'pending', 1, NULL, '2024-01-04 01:00:00', NULL, 'Auto generated case'),
(877, 'P0877', 'normal', 'OR-201', 'OPD-05', 15, 'pending', 3, NULL, '2024-01-04 01:05:00', NULL, 'Auto generated case'),
(878, 'P0878', 'urgent', 'ICU-302', 'WARD-15', 14, 'pending', 1, NULL, '2024-01-04 01:10:00', NULL, 'Auto generated case'),
(879, 'P0879', 'normal', 'XRAY-03', 'WARD-12', 15, 'pending', 1, NULL, '2024-01-04 01:15:00', NULL, 'Auto generated case'),
(880, 'P0880', 'normal', 'OPD-05', 'OR-201', 12, 'pending', 3, NULL, '2024-01-04 01:20:00', NULL, 'Auto generated case'),
(881, 'P0881', 'urgent', 'OPD-05', 'ER-102', 3, 'pending', 1, NULL, '2024-01-04 01:25:00', NULL, 'Auto generated case'),
(882, 'P0882', 'urgent', 'ICU-302', 'ER-101', 13, 'pending', 3, NULL, '2024-01-04 01:30:00', NULL, 'Auto generated case'),
(883, 'P0883', 'urgent', 'WARD-15', 'WARD-12', 9, 'pending', 3, NULL, '2024-01-04 01:35:00', NULL, 'Auto generated case'),
(884, 'P0884', 'normal', 'OPD-05', 'WARD-12', 6, 'pending', 3, NULL, '2024-01-04 01:40:00', NULL, 'Auto generated case'),
(885, 'P0885', 'normal', 'WARD-15', 'WARD-12', 2, 'pending', 3, NULL, '2024-01-04 01:45:00', NULL, 'Auto generated case'),
(886, 'P0886', 'urgent', 'OR-201', 'ICU-302', 5, 'pending', 1, NULL, '2024-01-04 01:50:00', NULL, 'Auto generated case'),
(887, 'P0887', 'normal', 'OR-201', 'WARD-12', 15, 'pending', 1, NULL, '2024-01-04 01:55:00', NULL, 'Auto generated case'),
(888, 'P0888', 'normal', 'WARD-12', 'ER-102', 12, 'pending', 1, NULL, '2024-01-04 02:00:00', NULL, 'Auto generated case'),
(889, 'P0889', 'normal', 'ICU-301', 'OR-201', 3, 'pending', 3, NULL, '2024-01-04 02:05:00', NULL, 'Auto generated case'),
(890, 'P0890', 'normal', 'WARD-15', 'WARD-12', 1, 'pending', 1, NULL, '2024-01-04 02:10:00', NULL, 'Auto generated case'),
(891, 'P0891', 'normal', 'WARD-12', 'ICU-302', 6, 'pending', 3, NULL, '2024-01-04 02:15:00', NULL, 'Auto generated case'),
(892, 'P0892', 'urgent', 'ER-101', 'OR-201', 7, 'pending', 3, NULL, '2024-01-04 02:20:00', NULL, 'Auto generated case'),
(893, 'P0893', 'normal', 'XRAY-03', 'WARD-15', 12, 'pending', 3, NULL, '2024-01-04 02:25:00', NULL, 'Auto generated case'),
(894, 'P0894', 'urgent', 'OR-201', 'WARD-15', 7, 'pending', 3, NULL, '2024-01-04 02:30:00', NULL, 'Auto generated case'),
(895, 'P0895', 'normal', 'WARD-12', 'ER-101', 3, 'pending', 3, NULL, '2024-01-04 02:35:00', NULL, 'Auto generated case'),
(896, 'P0896', 'urgent', 'ER-102', 'WARD-12', 6, 'pending', 1, NULL, '2024-01-04 02:40:00', NULL, 'Auto generated case'),
(897, 'P0897', 'urgent', 'OR-201', 'ICU-302', 14, 'pending', 1, NULL, '2024-01-04 02:45:00', NULL, 'Auto generated case'),
(898, 'P0898', 'normal', 'ER-102', 'WARD-15', 6, 'pending', 3, NULL, '2024-01-04 02:50:00', NULL, 'Auto generated case'),
(899, 'P0899', 'normal', 'ICU-302', 'OR-201', 11, 'pending', 1, NULL, '2024-01-04 02:55:00', NULL, 'Auto generated case'),
(900, 'P0900', 'urgent', 'OPD-05', 'WARD-12', 8, 'pending', 1, NULL, '2024-01-04 03:00:00', NULL, 'Auto generated case'),
(901, 'P0901', 'urgent', 'ER-102', 'ICU-302', 9, 'pending', 1, NULL, '2024-01-04 03:05:00', NULL, 'Auto generated case'),
(902, 'P0902', 'normal', 'ER-101', 'WARD-15', 8, 'pending', 1, NULL, '2024-01-04 03:10:00', NULL, 'Auto generated case'),
(903, 'P0903', 'urgent', 'OR-201', 'WARD-15', 9, 'pending', 1, NULL, '2024-01-04 03:15:00', NULL, 'Auto generated case'),
(904, 'P0904', 'normal', 'XRAY-03', 'ICU-302', 13, 'pending', 3, NULL, '2024-01-04 03:20:00', NULL, 'Auto generated case'),
(905, 'P0905', 'normal', 'WARD-15', 'ER-102', 4, 'pending', 1, NULL, '2024-01-04 03:25:00', NULL, 'Auto generated case'),
(906, 'P0906', 'urgent', 'ER-102', 'OPD-05', 9, 'pending', 1, NULL, '2024-01-04 03:30:00', NULL, 'Auto generated case'),
(907, 'P0907', 'normal', 'OPD-05', 'ER-101', 4, 'pending', 3, NULL, '2024-01-04 03:35:00', NULL, 'Auto generated case'),
(908, 'P0908', 'normal', 'ICU-302', 'ICU-301', 9, 'pending', 1, NULL, '2024-01-04 03:40:00', NULL, 'Auto generated case'),
(909, 'P0909', 'normal', 'XRAY-03', 'ER-102', 13, 'pending', 3, NULL, '2024-01-04 03:45:00', NULL, 'Auto generated case'),
(910, 'P0910', 'normal', 'OPD-05', 'ICU-301', 8, 'pending', 3, NULL, '2024-01-04 03:50:00', NULL, 'Auto generated case'),
(911, 'P0911', 'normal', 'OR-201', 'ICU-301', 3, 'pending', 3, NULL, '2024-01-04 03:55:00', NULL, 'Auto generated case'),
(912, 'P0912', 'urgent', 'WARD-15', 'ER-101', 7, 'pending', 3, NULL, '2024-01-04 04:00:00', NULL, 'Auto generated case'),
(913, 'P0913', 'urgent', 'ER-102', 'ER-101', 12, 'pending', 3, NULL, '2024-01-04 04:05:00', NULL, 'Auto generated case'),
(914, 'P0914', 'urgent', 'ER-101', 'ER-102', 12, 'pending', 3, NULL, '2024-01-04 04:10:00', NULL, 'Auto generated case'),
(915, 'P0915', 'urgent', 'WARD-15', 'OR-201', 15, 'pending', 3, NULL, '2024-01-04 04:15:00', NULL, 'Auto generated case'),
(916, 'P0916', 'urgent', 'WARD-12', 'ICU-301', 6, 'pending', 3, NULL, '2024-01-04 04:20:00', NULL, 'Auto generated case'),
(917, 'P0917', 'urgent', 'OPD-05', 'ICU-301', 10, 'pending', 1, NULL, '2024-01-04 04:25:00', NULL, 'Auto generated case'),
(918, 'P0918', 'normal', 'XRAY-03', 'WARD-12', 7, 'pending', 1, NULL, '2024-01-04 04:30:00', NULL, 'Auto generated case'),
(919, 'P0919', 'urgent', 'XRAY-03', 'WARD-12', 1, 'pending', 3, NULL, '2024-01-04 04:35:00', NULL, 'Auto generated case'),
(920, 'P0920', 'normal', 'ER-101', 'WARD-15', 8, 'pending', 3, NULL, '2024-01-04 04:40:00', NULL, 'Auto generated case'),
(921, 'P0921', 'urgent', 'XRAY-03', 'ER-102', 13, 'pending', 1, NULL, '2024-01-04 04:45:00', NULL, 'Auto generated case'),
(922, 'P0922', 'normal', 'OPD-05', 'WARD-15', 9, 'pending', 3, NULL, '2024-01-04 04:50:00', NULL, 'Auto generated case'),
(923, 'P0923', 'urgent', 'OR-201', 'ICU-302', 2, 'pending', 1, NULL, '2024-01-04 04:55:00', NULL, 'Auto generated case'),
(924, 'P0924', 'urgent', 'ER-101', 'WARD-15', 9, 'pending', 3, NULL, '2024-01-04 05:00:00', NULL, 'Auto generated case'),
(925, 'P0925', 'urgent', 'WARD-15', 'WARD-12', 3, 'pending', 1, NULL, '2024-01-04 05:05:00', NULL, 'Auto generated case'),
(926, 'P0926', 'normal', 'ICU-302', 'OPD-05', 8, 'pending', 1, NULL, '2024-01-04 05:10:00', NULL, 'Auto generated case'),
(927, 'P0927', 'urgent', 'ICU-302', 'WARD-15', 6, 'pending', 3, NULL, '2024-01-04 05:15:00', NULL, 'Auto generated case'),
(928, 'P0928', 'urgent', 'XRAY-03', 'OPD-05', 5, 'pending', 3, NULL, '2024-01-04 05:20:00', NULL, 'Auto generated case'),
(929, 'P0929', 'urgent', 'ICU-302', 'OR-201', 10, 'pending', 1, NULL, '2024-01-04 05:25:00', NULL, 'Auto generated case'),
(930, 'P0930', 'normal', 'OPD-05', 'OR-201', 4, 'pending', 1, NULL, '2024-01-04 05:30:00', NULL, 'Auto generated case'),
(931, 'P0931', 'normal', 'ICU-302', 'OPD-05', 11, 'pending', 3, NULL, '2024-01-04 05:35:00', NULL, 'Auto generated case'),
(932, 'P0932', 'normal', 'OR-201', 'ICU-301', 6, 'pending', 1, NULL, '2024-01-04 05:40:00', NULL, 'Auto generated case'),
(933, 'P0933', 'urgent', 'ICU-302', 'OR-201', 5, 'pending', 3, NULL, '2024-01-04 05:45:00', NULL, 'Auto generated case'),
(934, 'P0934', 'urgent', 'OR-201', 'XRAY-03', 11, 'pending', 1, NULL, '2024-01-04 05:50:00', NULL, 'Auto generated case'),
(935, 'P0935', 'urgent', 'WARD-15', 'XRAY-03', 3, 'pending', 1, NULL, '2024-01-04 05:55:00', NULL, 'Auto generated case'),
(936, 'P0936', 'urgent', 'WARD-12', 'XRAY-03', 14, 'pending', 3, NULL, '2024-01-04 06:00:00', NULL, 'Auto generated case'),
(937, 'P0937', 'urgent', 'ICU-302', 'WARD-15', 3, 'pending', 3, NULL, '2024-01-04 06:05:00', NULL, 'Auto generated case'),
(938, 'P0938', 'normal', 'XRAY-03', 'ER-102', 13, 'pending', 3, NULL, '2024-01-04 06:10:00', NULL, 'Auto generated case'),
(939, 'P0939', 'normal', 'OPD-05', 'ER-102', 4, 'pending', 1, NULL, '2024-01-04 06:15:00', NULL, 'Auto generated case'),
(940, 'P0940', 'normal', 'WARD-15', 'ICU-301', 12, 'pending', 3, NULL, '2024-01-04 06:20:00', NULL, 'Auto generated case'),
(941, 'P0941', 'urgent', 'WARD-12', 'OR-201', 9, 'pending', 3, NULL, '2024-01-04 06:25:00', NULL, 'Auto generated case'),
(942, 'P0942', 'normal', 'ER-101', 'ICU-302', 2, 'pending', 3, NULL, '2024-01-04 06:30:00', NULL, 'Auto generated case'),
(943, 'P0943', 'normal', 'ER-101', 'ICU-302', 9, 'pending', 3, NULL, '2024-01-04 06:35:00', NULL, 'Auto generated case'),
(944, 'P0944', 'urgent', 'XRAY-03', 'WARD-15', 1, 'pending', 1, NULL, '2024-01-04 06:40:00', NULL, 'Auto generated case'),
(945, 'P0945', 'normal', 'ICU-302', 'ER-102', 4, 'in_progress', 3, 2, '2024-01-04 06:45:00', NULL, 'Auto generated case'),
(946, 'P0946', 'urgent', 'ER-101', 'ER-102', 8, 'pending', 1, NULL, '2024-01-04 06:50:00', NULL, 'Auto generated case'),
(947, 'P0947', 'normal', 'ER-102', 'ICU-301', 4, 'pending', 3, NULL, '2024-01-04 06:55:00', NULL, 'Auto generated case'),
(948, 'P0948', 'urgent', 'XRAY-03', 'ICU-302', 8, 'pending', 3, NULL, '2024-01-04 07:00:00', NULL, 'Auto generated case'),
(949, 'P0949', 'normal', 'WARD-12', 'ER-102', 9, 'pending', 3, NULL, '2024-01-04 07:05:00', NULL, 'Auto generated case'),
(950, 'P0950', 'urgent', 'OR-201', 'XRAY-03', 13, 'pending', 3, NULL, '2024-01-04 07:10:00', NULL, 'Auto generated case'),
(951, 'P0951', 'normal', 'ER-102', 'OR-201', 13, 'pending', 3, NULL, '2024-01-04 07:15:00', NULL, 'Auto generated case'),
(952, 'P0952', 'urgent', 'ER-102', 'XRAY-03', 11, 'pending', 1, NULL, '2024-01-04 07:20:00', NULL, 'Auto generated case'),
(953, 'P0953', 'urgent', 'ER-102', 'ER-101', 1, 'pending', 1, NULL, '2024-01-04 07:25:00', NULL, 'Auto generated case'),
(954, 'P0954', 'normal', 'OPD-05', 'ER-102', 5, 'pending', 1, NULL, '2024-01-04 07:30:00', NULL, 'Auto generated case'),
(955, 'P0955', 'urgent', 'XRAY-03', 'ICU-301', 9, 'pending', 3, NULL, '2024-01-04 07:35:00', NULL, 'Auto generated case'),
(956, 'P0956', 'normal', 'ER-101', 'WARD-12', 10, 'pending', 3, NULL, '2024-01-04 07:40:00', NULL, 'Auto generated case'),
(957, 'P0957', 'urgent', 'WARD-15', 'ER-101', 9, 'pending', 1, NULL, '2024-01-04 07:45:00', NULL, 'Auto generated case'),
(958, 'P0958', 'urgent', 'OPD-05', 'XRAY-03', 1, 'pending', 1, NULL, '2024-01-04 07:50:00', NULL, 'Auto generated case'),
(959, 'P0959', 'urgent', 'WARD-15', 'ICU-302', 3, 'pending', 1, NULL, '2024-01-04 07:55:00', NULL, 'Auto generated case'),
(960, 'P0960', 'urgent', 'WARD-15', 'WARD-12', 3, 'pending', 1, NULL, '2024-01-04 08:00:00', NULL, 'Auto generated case'),
(961, 'P0961', 'normal', 'ER-101', 'OR-201', 12, 'pending', 1, NULL, '2024-01-04 08:05:00', NULL, 'Auto generated case'),
(962, 'P0962', 'normal', 'ER-102', 'WARD-12', 10, 'pending', 1, NULL, '2024-01-04 08:10:00', NULL, 'Auto generated case'),
(963, 'P0963', 'normal', 'ICU-301', 'WARD-12', 3, 'pending', 1, NULL, '2024-01-04 08:15:00', NULL, 'Auto generated case'),
(964, 'P0964', 'normal', 'XRAY-03', 'ICU-302', 5, 'pending', 1, NULL, '2024-01-04 08:20:00', NULL, 'Auto generated case'),
(965, 'P0965', 'urgent', 'ER-102', 'WARD-15', 1, 'pending', 3, NULL, '2024-01-04 08:25:00', NULL, 'Auto generated case'),
(966, 'P0966', 'urgent', 'XRAY-03', 'OPD-05', 11, 'pending', 1, NULL, '2024-01-04 08:30:00', NULL, 'Auto generated case'),
(967, 'P0967', 'normal', 'WARD-15', 'ER-101', 11, 'pending', 1, NULL, '2024-01-04 08:35:00', NULL, 'Auto generated case'),
(968, 'P0968', 'urgent', 'XRAY-03', 'ER-102', 1, 'pending', 1, NULL, '2024-01-04 08:40:00', NULL, 'Auto generated case'),
(969, 'P0969', 'urgent', 'WARD-15', 'ICU-301', 8, 'pending', 1, NULL, '2024-01-04 08:45:00', NULL, 'Auto generated case'),
(970, 'P0970', 'normal', 'WARD-15', 'XRAY-03', 7, 'pending', 1, NULL, '2024-01-04 08:50:00', NULL, 'Auto generated case'),
(971, 'P0971', 'normal', 'ER-102', 'WARD-15', 5, 'pending', 3, NULL, '2024-01-04 08:55:00', NULL, 'Auto generated case'),
(972, 'P0972', 'normal', 'WARD-12', 'OPD-05', 3, 'pending', 1, NULL, '2024-01-04 09:00:00', NULL, 'Auto generated case'),
(973, 'P0973', 'urgent', 'ICU-301', 'WARD-12', 15, 'pending', 3, NULL, '2024-01-04 09:05:00', NULL, 'Auto generated case'),
(974, 'P0974', 'urgent', 'ER-102', 'ER-101', 13, 'pending', 3, NULL, '2024-01-04 09:10:00', NULL, 'Auto generated case'),
(975, 'P0975', 'urgent', 'WARD-15', 'ER-101', 11, 'pending', 3, NULL, '2024-01-04 09:15:00', NULL, 'Auto generated case'),
(976, 'P0976', 'urgent', 'ICU-301', 'WARD-15', 14, 'pending', 1, NULL, '2024-01-04 09:20:00', NULL, 'Auto generated case'),
(977, 'P0977', 'urgent', 'OPD-05', 'ICU-302', 8, 'pending', 1, NULL, '2024-01-04 09:25:00', NULL, 'Auto generated case'),
(978, 'P0978', 'urgent', 'OPD-05', 'WARD-15', 5, 'pending', 3, NULL, '2024-01-04 09:30:00', NULL, 'Auto generated case'),
(979, 'P0979', 'normal', 'ICU-301', 'OR-201', 7, 'pending', 3, NULL, '2024-01-04 09:35:00', NULL, 'Auto generated case'),
(980, 'P0980', 'urgent', 'WARD-12', 'ER-102', 6, 'pending', 1, NULL, '2024-01-04 09:40:00', NULL, 'Auto generated case'),
(981, 'P0981', 'urgent', 'WARD-15', 'ER-102', 1, 'pending', 1, NULL, '2024-01-04 09:45:00', NULL, 'Auto generated case'),
(982, 'P0982', 'normal', 'WARD-15', 'ICU-302', 11, 'pending', 3, NULL, '2024-01-04 09:50:00', NULL, 'Auto generated case'),
(983, 'P0983', 'normal', 'ER-101', 'OPD-05', 12, 'pending', 1, NULL, '2024-01-04 09:55:00', NULL, 'Auto generated case'),
(984, 'P0984', 'urgent', 'OR-201', 'ER-101', 13, 'pending', 3, NULL, '2024-01-04 10:00:00', NULL, 'Auto generated case'),
(985, 'P0985', 'normal', 'ER-101', 'WARD-15', 9, 'pending', 1, NULL, '2024-01-04 10:05:00', NULL, 'Auto generated case'),
(986, 'P0986', 'normal', 'WARD-15', 'ER-102', 4, 'pending', 1, NULL, '2024-01-04 10:10:00', NULL, 'Auto generated case'),
(987, 'P0987', 'normal', 'ER-101', 'OR-201', 15, 'pending', 3, NULL, '2024-01-04 10:15:00', NULL, 'Auto generated case'),
(988, 'P0988', 'urgent', 'WARD-15', 'WARD-12', 11, 'pending', 1, NULL, '2024-01-04 10:20:00', NULL, 'Auto generated case'),
(989, 'P0989', 'normal', 'OPD-05', 'XRAY-03', 6, 'pending', 1, NULL, '2024-01-04 10:25:00', NULL, 'Auto generated case'),
(990, 'P0990', 'urgent', 'ER-101', 'ICU-302', 6, 'pending', 1, NULL, '2024-01-04 10:30:00', NULL, 'Auto generated case'),
(991, 'P0991', 'normal', 'ICU-301', 'WARD-15', 7, 'pending', 3, NULL, '2024-01-04 10:35:00', NULL, 'Auto generated case'),
(992, 'P0992', 'normal', 'ICU-301', 'ER-102', 14, 'pending', 3, NULL, '2024-01-04 10:40:00', NULL, 'Auto generated case'),
(993, 'P0993', 'urgent', 'WARD-15', 'OR-201', 11, 'pending', 1, NULL, '2024-01-04 10:45:00', NULL, 'Auto generated case'),
(994, 'P0994', 'urgent', 'WARD-15', 'OR-201', 9, 'pending', 1, NULL, '2024-01-04 10:50:00', NULL, 'Auto generated case'),
(995, 'P0995', 'normal', 'WARD-12', 'OPD-05', 9, 'pending', 1, NULL, '2024-01-04 10:55:00', NULL, 'Auto generated case'),
(996, 'P0996', 'urgent', 'OR-201', 'WARD-15', 9, 'pending', 1, NULL, '2024-01-04 11:00:00', NULL, 'Auto generated case'),
(997, 'P0997', 'normal', 'WARD-12', 'OPD-05', 14, 'pending', 1, NULL, '2024-01-04 11:05:00', NULL, 'Auto generated case'),
(998, 'P0998', 'normal', 'ICU-301', 'OR-201', 12, 'pending', 1, NULL, '2024-01-04 11:10:00', NULL, 'Auto generated case'),
(999, 'P0999', 'normal', 'OPD-05', 'XRAY-03', 2, 'pending', 3, NULL, '2024-01-04 11:15:00', NULL, 'Auto generated case'),
(1000, 'P1000', 'urgent', 'OPD-05', 'OR-201', 4, 'pending', 1, NULL, '2024-01-04 11:20:00', NULL, 'Auto generated case');

-- --------------------------------------------------------

--
-- Table structure for table `equipments`
--

CREATE TABLE `equipments` (
  `eqpt_id` int(11) NOT NULL COMMENT 'รหัสอุปกรณ์',
  `eqpt_name` varchar(100) NOT NULL COMMENT 'ชื่ออุปกรณ์ เช่น เครื่องช่วยหายใจ, เครื่องวัดความดัน',
  `eqpt_quantity` int(11) NOT NULL DEFAULT 0 COMMENT 'จำนวนอุปกรณ์ที่มีอยู่'
) ENGINE=InnoDB DEFAULT CHARSET=utf8mb4 COLLATE=utf8mb4_general_ci COMMENT='ตารางเก็บอุปกรณ์เสริม';

--
-- Dumping data for table `equipments`
--

INSERT INTO `equipments` (`eqpt_id`, `eqpt_name`, `eqpt_quantity`) VALUES
(1, 'เครื่องช่วยหายใจ (Ventilator)', 10),
(2, 'เครื่องวัดความดัน (BP Monitor)', 21),
(3, 'เครื่องกระตุกหัวใจไฟฟ้า (Defibrillator)', 5),
(4, 'เครื่องตรวจคลื่นหัวใจ (ECG Monitor)', 8),
(5, 'เครื่องดูดเสมหะ (Suction Machine)', 6),
(6, 'เครื่องพ่นยา (Nebulizer)', 8),
(7, 'ปั๊มสารน้ำ (Infusion Pump)', 12),
(8, 'เครื่องวัดออกซิเจนปลายนิ้ว (Pulse Oximeter)', 27),
(9, 'ถังออกซิเจน (Oxygen Cylinder)', 15),
(10, 'เปลตัก (Scoop Stretcher)', 5),
(11, 'กระดานรองหลัง (Spine Board)', 7),
(12, 'อุปกรณ์ดามคอ (Cervical Collar)', 20),
(13, 'เครื่องวัดระดับน้ำตาลในเลือด (Glucometer)', 15),
(14, 'รถเข็นผู้ป่วย (Wheelchair)', 12),
(15, 'อุปกรณ์ดามแขน-ขา (Splints)', 19),
(16, 'สายให้ออกซิเจน (Nasal Cannula)', 50),
(17, 'หน้ากากออกซิเจน (Oxygen Mask)', 40),
(18, 'เครื่องทำความร้อนผู้ป่วย (Patient Warmer)', 3),
(19, 'เครื่องช่วยฟังเสียงหัวใจทารก (Fetal Doppler)', 4),
(20, 'ไฟฉายสำหรับตรวจร่างกาย (Penlight)', 30);

-- --------------------------------------------------------

--
-- Table structure for table `passwordresets`
--

CREATE TABLE `passwordresets` (
  `pr_id` int(11) NOT NULL,
  `pr_user_id` int(11) NOT NULL,
  `pr_reset_token_hash` varchar(255) NOT NULL COMMENT 'Hash ของ Token สำหรับรีเซ็ตรหัสผ่าน',
  `pr_token_expiry` datetime NOT NULL COMMENT 'วันหมดอายุของ Token',
  `pr_used` tinyint(1) DEFAULT 0 COMMENT 'ใช้ token นี้ไปแล้วหรือยัง'
) ENGINE=InnoDB DEFAULT CHARSET=utf8mb4 COLLATE=utf8mb4_general_ci;

-- --------------------------------------------------------

--
-- Table structure for table `recordequipments`
--

CREATE TABLE `recordequipments` (
  `rhis__id` int(11) NOT NULL COMMENT 'FK ไป Cases',
  `eqpt_id` int(11) NOT NULL COMMENT 'FK ไป Equipments'
) ENGINE=InnoDB DEFAULT CHARSET=utf8mb4 COLLATE=utf8mb4_general_ci COMMENT='เชื่อมเคสกับอุปกรณ์ที่ใช้';

--
-- Dumping data for table `recordequipments`
--

INSERT INTO `recordequipments` (`rhis__id`, `eqpt_id`) VALUES
(3, 5),
(4, 2),
(4, 4),
(6, 2),
(6, 3),
(7, 1),
(8, 3),
(8, 4),
(9, 1),
(10, 5),
(10, 6),
(11, 3),
(12, 1),
(28, 8),
(28, 15),
(34, 2),
(34, 8),
(36, 4);

-- --------------------------------------------------------

--
-- Table structure for table `recordhistory`
--

CREATE TABLE `recordhistory` (
  `rhis_id` int(11) NOT NULL COMMENT 'รหัสเคส',
  `rhis_patient_id` varchar(50) NOT NULL COMMENT 'รหัสผู้ป่วย',
  `rhis_patient_type` varchar(50) NOT NULL DEFAULT 'ทั่วไป' COMMENT 'ประเภทผู้ป่วย',
  `rhis_room_from` varchar(50) NOT NULL COMMENT 'ห้องต้นทาง',
  `rhis_room_to` varchar(50) NOT NULL COMMENT 'ห้องปลายทาง',
  `str_type_id` int(11) DEFAULT NULL COMMENT 'FK ไป StretcherTypes',
  `rhis_status` enum('pending','in_progress','completed') NOT NULL DEFAULT 'pending' COMMENT 'สถานะของเคส',
  `rhis_requested_by` int(11) NOT NULL COMMENT 'FK ไป Users ที่เรียกเปล (Nurse)',
  `rhis_assigned_porter` int(11) DEFAULT NULL COMMENT 'FK ไป Users ที่รับผิดชอบ (Porter)',
  `rhis_created_at` datetime DEFAULT current_timestamp() COMMENT 'เวลาสร้างเคส',
  `rhis_completed_at` datetime DEFAULT NULL COMMENT 'เวลาส่งเสร็จ',
  `rhis_notes` text DEFAULT NULL COMMENT 'หมายเหตุเพิ่มเติม'
) ENGINE=InnoDB DEFAULT CHARSET=utf8mb4 COLLATE=utf8mb4_general_ci COMMENT='ตารางเก็บข้อมูลเคสผู้ป่วย';

--
-- Dumping data for table `recordhistory`
--

INSERT INTO `recordhistory` (`rhis_id`, `rhis_patient_id`, `rhis_patient_type`, `rhis_room_from`, `rhis_room_to`, `str_type_id`, `rhis_status`, `rhis_requested_by`, `rhis_assigned_porter`, `rhis_created_at`, `rhis_completed_at`, `rhis_notes`) VALUES
(3, 'G3', 'ผู้ป่วยใน', 'ห้อง 4', 'ward 5', 5, 'completed', 1, 4, '2025-09-11 15:06:53', '2025-09-14 16:34:02', NULL),
(4, 'G4', 'ผู้ป่วยนอก', 'ห้อง icu', 'ห้อง 12', 7, 'completed', 3, 2, '2025-09-11 15:10:04', '2025-09-14 16:33:09', NULL),
(6, 'G6', 'ผู้ป่วยฉุกเฉิน', '1', '3', 1, 'completed', 3, 4, '2025-09-14 16:36:10', '2025-09-14 16:38:21', NULL),
(7, 'G7', 'ผู้ป่วยใน', 'ห้อง', 'พยาบาล', 5, 'completed', 1, 2, '2025-09-14 16:39:22', '2025-09-14 16:39:59', NULL),
(8, 'G8', 'ผู้ป่วยใน', '1', '6', 4, 'completed', 3, 4, '2025-09-14 16:40:46', '2025-09-14 16:41:32', NULL),
(9, 'G9', 'djhs', 'shhs', 'nsjs', 4, 'completed', 3, 2, '2025-09-14 16:42:32', '2025-09-14 16:43:06', NULL),
(10, 'G10', 'asd', 'f', 'g', 4, 'completed', 1, 4, '2025-09-14 17:01:33', '2025-09-14 17:11:37', NULL),
(11, 'G11', '1234', '4', '5', 3, 'completed', 3, 2, '2025-09-14 17:01:51', '2025-09-14 17:11:51', NULL),
(12, 'G12', 'nxjs', 'ysj', 'jsus', 3, 'completed', 1, 4, '2025-09-14 17:39:17', '2025-09-14 17:39:50', NULL),
(28, 'P016', 'ทั่วไป', 'A116', 'B216', 15, 'completed', 1, 2, '2025-09-12 09:39:53', '2025-09-18 06:16:36', 'หมายเหตุ 16'),
(34, 'P022', 'ทั่วไป', 'A122', 'B222', 9, 'completed', 1, 4, '2025-09-09 11:22:09', '2025-09-18 06:29:32', 'หมายเหตุ 22'),
(36, 'P024', 'ทั่วไป', 'A124', 'B224', 13, 'completed', 1, 2, '2025-09-13 15:15:39', '2025-09-18 06:05:51', 'หมายเหตุ 24'),
(41, 'P029', 'ทั่วไป', 'A129', 'B229', 8, 'completed', 1, 2, '2025-09-14 22:51:08', '2025-09-18 06:03:06', 'หมายเหตุ 29');

-- --------------------------------------------------------

--
-- Table structure for table `roles`
--

CREATE TABLE `roles` (
  `role_id` int(11) NOT NULL COMMENT 'Primary key ของ Role',
  `role_name` varchar(50) NOT NULL COMMENT 'ชื่อตำแหน่ง เช่น nurse, porter, admin'
) ENGINE=InnoDB DEFAULT CHARSET=utf8mb4 COLLATE=utf8mb4_general_ci COMMENT='ตารางเก็บประเภท Role ของผู้ใช้';

--
-- Dumping data for table `roles`
--

INSERT INTO `roles` (`role_id`, `role_name`) VALUES
(1, 'admin'),
(2, 'nurse'),
(3, 'porter');

-- --------------------------------------------------------

--
-- Table structure for table `stretchertypes`
--

CREATE TABLE `stretchertypes` (
  `str_type_id` int(11) NOT NULL COMMENT 'รหัสประเภทเปล',
  `str_type_name` varchar(50) NOT NULL COMMENT 'ชื่อประเภทเปล เช่น standard, ICU, bariatric',
  `str_quantity` int(11) NOT NULL DEFAULT 0 COMMENT 'จำนวนเปลที่มีอยู่'
) ENGINE=InnoDB DEFAULT CHARSET=utf8mb4 COLLATE=utf8mb4_general_ci COMMENT='ตารางเก็บประเภทเปล';

--
-- Dumping data for table `stretchertypes`
--

INSERT INTO `stretchertypes` (`str_type_id`, `str_type_name`, `str_quantity`) VALUES
(1, 'Standard', 7),
(2, 'ICU', 5),
(3, 'Bariatric', 0),
(4, 'Pediatric', 1),
(5, 'Transport', 5),
(6, 'Emergency', 6),
(7, 'Isolation', 1),
(8, 'Orthopedic', 3),
(9, 'MRI-compatible', 2),
(10, 'Hydraulic', 5),
(11, 'Manual', 8),
(12, 'Electric', 4),
(13, 'Folding', 6),
(14, 'Scoop', 3),
(15, 'Trauma', 5);

-- --------------------------------------------------------

--
-- Table structure for table `users`
--

CREATE TABLE `users` (
  `user_num` int(11) NOT NULL,
  `user_id` varchar(50) NOT NULL COMMENT 'รหัสประจำตัว',
  `user_fname` varchar(50) NOT NULL COMMENT 'ชื่อ',
  `user_lname` varchar(50) NOT NULL COMMENT 'นามสกุล',
  `user_phone` varchar(15) NOT NULL COMMENT 'เบอร์โทร',
  `user_email` varchar(100) NOT NULL COMMENT 'อีเมล',
  `user_username` varchar(50) NOT NULL,
  `user_password_hash` varchar(255) NOT NULL COMMENT 'รหัสผ่านที่ถูก Hash',
  `role_id` int(11) NOT NULL,
  `user_profile_image` varchar(255) DEFAULT NULL COMMENT 'Path หรือ URL ของรูปโปรไฟล์'
) ENGINE=InnoDB DEFAULT CHARSET=utf8mb4 COLLATE=utf8mb4_general_ci;

--
-- Dumping data for table `users`
--

INSERT INTO `users` (`user_num`, `user_id`, `user_fname`, `user_lname`, `user_phone`, `user_email`, `user_username`, `user_password_hash`, `role_id`, `user_profile_image`) VALUES
(1, '65143206028-3', 'คุณาฤทธิ์', 'ธิมา', '0898558944', 'KoonGuide4480@gmail.com', 'KoonGuide', '$2b$10$UGVUACHTRDVfXReDSQ1dd.KSDfvfVE0GIq.m4GP19L..NyBixQZ96', 2, '/uploads/koonguide_1757940875817.jpg'),
(2, '65143206038-4', 'ชิเกรุ', 'ซูบิชิ', '0987654321', 'isus.99666@gmail.com', 'chiba', '$2b$10$DWLQ07BcMpINaT5EquMIjuU4B5VDXbzUo32wEjVcsxFedTf/qtC4S', 3, '/uploads/chiba_1757883490068.jpg'),
(3, '65143206045-9', 'โอมาวะ', 'เคชิ', '0864257895', 'unknown.name4480@gmail.com', 'ideti', '$2b$10$a1azZPNZrEbu8FT003Pf9e8x891m0rC17odqevVVX4s96Q54rlAbC', 2, '/uploads/ideti_1757883956049.jpg'),
(4, '65143206098-3', 'อัปชเย', 'เถมา', '0648759632', 'scom06192@gmail.com', 'Apaya', '$2b$10$on/XIvOPYj9t93pFs8r5neLYzqkpUmr0L6H5.YQdSZFmJglVFKCse', 3, '/uploads/apaya_1757883512252.jpg');

--
-- Indexes for dumped tables
--

--
-- Indexes for table `caseequipments`
--
ALTER TABLE `caseequipments`
  ADD PRIMARY KEY (`case_id`,`eqpt_id`),
  ADD KEY `eqpt_id` (`eqpt_id`);

--
-- Indexes for table `cases`
--
ALTER TABLE `cases`
  ADD PRIMARY KEY (`case_id`),
  ADD KEY `case_requested_by` (`case_requested_by`),
  ADD KEY `case_assigned_porter` (`case_assigned_porter`),
  ADD KEY `str_type_id` (`str_type_id`);

--
-- Indexes for table `equipments`
--
ALTER TABLE `equipments`
  ADD PRIMARY KEY (`eqpt_id`),
  ADD UNIQUE KEY `eqpt__name` (`eqpt__name`);

--
-- Indexes for table `passwordresets`
--
ALTER TABLE `passwordresets`
  ADD PRIMARY KEY (`pr_id`),
  ADD KEY `pr_user_id` (`pr_user_id`);

--
-- Indexes for table `recordequipments`
--
ALTER TABLE `recordequipments`
  ADD PRIMARY KEY (`rhis_id`,`eqpt_id`),
  ADD KEY `eqpt_id` (`eqpt_id`);

--
-- Indexes for table `recordhistory`
--
ALTER TABLE `recordhistory`
  ADD PRIMARY KEY (`rhis_id`),
  ADD KEY `rhis_requested_by` (`rhis_requested_by`),
  ADD KEY `rhis_assigned_porter` (`rhis_assigned_porter`),
  ADD KEY `str_type_id` (`str_type_id`);

--
-- Indexes for table `roles`
--
ALTER TABLE `roles`
  ADD PRIMARY KEY (`role_id`),
  ADD UNIQUE KEY `role_name` (`role_name`);

--
-- Indexes for table `stretchertypes`
--
ALTER TABLE `stretchertypes`
  ADD PRIMARY KEY (`str_type_id`),
  ADD UNIQUE KEY `str_type_name` (`str_type_name`);

--
-- Indexes for table `users`
--
ALTER TABLE `users`
  ADD PRIMARY KEY (`user_num`),
  ADD UNIQUE KEY `user_email` (`user_email`),
  ADD UNIQUE KEY `user_username` (`user_username`),
  ADD KEY `role_id` (`role_id`);

--
-- AUTO_INCREMENT for dumped tables
--

--
-- AUTO_INCREMENT for table `cases`
--
ALTER TABLE `cases`
  MODIFY `case_id` int(11) NOT NULL AUTO_INCREMENT COMMENT 'รหัสเคส', AUTO_INCREMENT=1001;

--
-- AUTO_INCREMENT for table `equipments`
--
ALTER TABLE `equipments`
  MODIFY `eqpt_id` int(11) NOT NULL AUTO_INCREMENT COMMENT 'รหัสอุปกรณ์', AUTO_INCREMENT=21;

--
-- AUTO_INCREMENT for table `passwordresets`
--
ALTER TABLE `passwordresets`
  MODIFY `pr_id` int(11) NOT NULL AUTO_INCREMENT;

--
-- AUTO_INCREMENT for table `recordhistory`
--
ALTER TABLE `recordhistory`
  MODIFY `rhis_id` int(11) NOT NULL AUTO_INCREMENT COMMENT 'รหัสเคส', AUTO_INCREMENT=42;

--
-- AUTO_INCREMENT for table `roles`
--
ALTER TABLE `roles`
  MODIFY `role_id` int(11) NOT NULL AUTO_INCREMENT COMMENT 'Primary key ของ Role', AUTO_INCREMENT=5;

--
-- AUTO_INCREMENT for table `stretchertypes`
--
ALTER TABLE `stretchertypes`
  MODIFY `str_type_id` int(11) NOT NULL AUTO_INCREMENT COMMENT 'รหัสประเภทเปล', AUTO_INCREMENT=16;

--
-- AUTO_INCREMENT for table `users`
--
ALTER TABLE `users`
  MODIFY `user_num` int(11) NOT NULL AUTO_INCREMENT, AUTO_INCREMENT=5;

--
-- Constraints for dumped tables
--

--
-- Constraints for table `caseequipments`
--
ALTER TABLE `caseequipments`
  ADD CONSTRAINT `caseequipments_ibfk_1` FOREIGN KEY (`case_id`) REFERENCES `cases` (`case_id`),
  ADD CONSTRAINT `caseequipments_ibfk_2` FOREIGN KEY (`eqpt_id`) REFERENCES `equipments` (`eqpt_id`);

--
-- Constraints for table `cases`
--
ALTER TABLE `cases`
  ADD CONSTRAINT `cases_ibfk_1` FOREIGN KEY (`case_requested_by`) REFERENCES `users` (`user_num`),
  ADD CONSTRAINT `cases_ibfk_2` FOREIGN KEY (`case_assigned_porter`) REFERENCES `users` (`user_num`),
  ADD CONSTRAINT `cases_ibfk_3` FOREIGN KEY (`str_type_id`) REFERENCES `stretchertypes` (`str_type_id`);

--
-- Constraints for table `passwordresets`
--
ALTER TABLE `passwordresets`
  ADD CONSTRAINT `passwordresets_ibfk_1` FOREIGN KEY (`pr_user_id`) REFERENCES `users` (`user_num`) ON DELETE CASCADE;

--
-- Constraints for table `recordequipments`
--
ALTER TABLE `recordequipments`
  ADD CONSTRAINT `recordequipments_ibfk_1` FOREIGN KEY (`rhis_id`) REFERENCES `recordhistory` (`rhis_id`),
  ADD CONSTRAINT `recordequipments_ibfk_2` FOREIGN KEY (`eqpt_id`) REFERENCES `equipments` (`eqpt_id`);

--
-- Constraints for table `recordhistory`
--
ALTER TABLE `recordhistory`
  ADD CONSTRAINT `recordhistory_ibfk_1` FOREIGN KEY (`rhis_requested_by`) REFERENCES `users` (`user_num`),
  ADD CONSTRAINT `recordhistory_ibfk_2` FOREIGN KEY (`rhis_assigned_porter`) REFERENCES `users` (`user_num`),
  ADD CONSTRAINT `recordhistory_ibfk_3` FOREIGN KEY (`str_type_id`) REFERENCES `stretchertypes` (`str_type_id`);

--
-- Constraints for table `users`
--
ALTER TABLE `users`
  ADD CONSTRAINT `users_ibfk_1` FOREIGN KEY (`role_id`) REFERENCES `roles` (`role_id`);
COMMIT;

/*!40101 SET CHARACTER_SET_CLIENT=@OLD_CHARACTER_SET_CLIENT */;
/*!40101 SET CHARACTER_SET_RESULTS=@OLD_CHARACTER_SET_RESULTS */;
/*!40101 SET COLLATION_CONNECTION=@OLD_COLLATION_CONNECTION */;
